customer_id,age,annual_income,existing_debt,credit_score,requested_amount,loan_term_months,interest_rate,debt_to_income_ratio,loan_to_income_ratio,target_default,employment_status_self-employed,employment_status_unemployed,region_Leeds,region_Liverpool,region_London,region_Manchester,segment_prime,segment_subprime,channel_mobile_app,channel_web
2,41,51471.0,14853.02,721,5184.0,12,17.48,0.28857065143478855,0.10071690855044588,0,1,0,1,0,0,0,1,0,0,0
2,41,51471.0,14853.02,721,26666.0,12,9.65,0.28857065143478855,0.518078141089157,0,1,0,1,0,0,0,0,0,0,0
3,43,79125.0,39264.21,655,9190.0,24,10.52,0.49623014218009476,0.11614533965244865,0,1,0,0,0,0,1,0,0,1,0
3,43,79125.0,39264.21,655,7615.0,36,9.95,0.49623014218009476,0.09624012638230647,0,1,0,0,0,0,1,0,1,0,0
4,56,62560.0,13446.54,738,27313.0,36,12.68,0.21493829923273658,0.4365888746803069,0,1,0,0,0,1,0,0,0,0,1
4,56,62560.0,13446.54,738,15690.0,36,15.36,0.21493829923273658,0.2507992327365729,0,1,0,0,0,1,0,1,0,0,1
4,56,62560.0,13446.54,738,8779.0,24,15.5,0.21493829923273658,0.14032928388746804,0,1,0,0,0,1,0,0,0,0,0
5,65,133626.0,14871.32,589,2705.0,12,8.53,0.11129061709547543,0.020243066469100325,0,0,0,1,0,0,0,0,0,0,0
5,65,133626.0,14871.32,589,29654.0,24,9.18,0.11129061709547543,0.22191789023094308,0,0,0,1,0,0,0,0,0,0,0
5,65,133626.0,14871.32,589,7398.0,12,8.74,0.11129061709547543,0.05536347716761708,0,0,0,1,0,0,0,0,1,0,1
6,44,105976.0,40621.64,677,24989.0,36,17.82,0.3833098059938099,0.2357986713972975,0,1,0,0,0,1,0,0,1,0,0
6,44,105976.0,40621.64,677,18583.0,36,16.58,0.3833098059938099,0.17535102287310333,0,1,0,0,0,1,0,1,0,0,1
7,65,136856.0,24300.45,768,25551.0,36,14.81,0.17756218214765887,0.18669988893435435,0,0,1,0,0,0,0,0,1,0,1
8,34,53784.0,24196.31,675,11803.0,12,8.88,0.4498793321433884,0.219451881600476,0,1,0,1,0,0,0,1,0,1,0
9,32,81450.0,11654.84,750,17048.0,36,15.2,0.14309195825659915,0.2093063228974831,0,1,0,0,0,0,0,0,1,1,0
9,32,81450.0,11654.84,750,19479.0,24,11.46,0.14309195825659915,0.23915285451197055,0,1,0,0,0,0,0,0,0,1,0
10,61,128175.0,4660.33,764,11020.0,36,8.31,0.03635911839282231,0.08597620440803588,0,1,0,0,1,0,0,1,0,0,1
10,61,128175.0,4660.33,764,12274.0,12,11.22,0.03635911839282231,0.09575970353032963,0,1,0,0,1,0,0,0,1,1,0
10,61,128175.0,4660.33,764,13638.0,36,9.88,0.03635911839282231,0.10640140433001756,0,1,0,0,1,0,0,1,0,1,0
11,43,130914.0,28895.94,739,25296.0,24,10.77,0.22072459782758144,0.19322608735505753,0,1,0,0,0,0,1,0,1,0,0
11,43,130914.0,28895.94,739,20785.0,12,17.83,0.22072459782758144,0.15876835174236523,0,1,0,0,0,0,1,0,1,1,0
11,43,130914.0,28895.94,739,20647.0,36,11.52,0.22072459782758144,0.1577142246054662,0,1,0,0,0,0,1,1,0,0,1
12,56,100527.0,15746.27,820,3741.0,36,13.7,0.15663722184089848,0.03721388283744666,0,0,0,1,0,0,0,0,1,0,1
12,56,100527.0,15746.27,820,24873.0,12,14.4,0.15663722184089848,0.24742606463935063,0,0,0,1,0,0,0,0,0,0,1
12,56,100527.0,15746.27,820,18341.0,12,5.52,0.15663722184089848,0.18244849642384633,0,0,0,1,0,0,0,0,0,0,1
13,28,28391.0,3354.51,732,8594.0,36,14.93,0.11815399246240006,0.3027015603536332,0,1,0,0,0,0,1,0,0,0,1
14,27,104179.0,38444.89,807,18907.0,24,11.59,0.3690272511734611,0.18148571209168834,0,1,0,0,0,0,1,0,0,0,1
14,27,104179.0,38444.89,807,27414.0,36,10.39,0.3690272511734611,0.2631432438399294,0,1,0,0,0,0,1,0,1,0,1
15,59,117663.0,47613.5,785,11577.0,24,9.63,0.4046599185810323,0.09839116799673644,0,0,1,0,1,0,0,0,1,0,0
16,55,134821.0,26845.23,781,26604.0,36,15.19,0.19911757070486052,0.19732830938800336,0,0,0,0,1,0,0,0,1,0,0
18,64,148695.0,67781.87,625,19954.0,24,5.65,0.4558449847002253,0.13419415582232086,0,0,0,0,0,1,0,0,1,0,0
18,64,148695.0,67781.87,625,13961.0,12,17.27,0.4558449847002253,0.09389017788089714,0,0,0,0,0,1,0,0,1,0,0
19,24,125126.0,7113.42,698,3182.0,12,12.34,0.05685005514441443,0.025430366190879593,0,0,0,0,0,0,1,0,0,1,0
19,24,125126.0,7113.42,698,6531.0,36,10.45,0.05685005514441443,0.05219538704985375,0,0,0,0,0,0,1,0,1,0,1
19,24,125126.0,7113.42,698,17374.0,12,7.65,0.05685005514441443,0.13885203714655628,0,0,0,0,0,0,1,0,0,0,0
20,32,60748.0,28241.64,796,16713.0,24,14.79,0.46489826825574504,0.27512016856522026,0,0,1,0,1,0,0,1,0,0,1
20,32,60748.0,28241.64,796,15713.0,12,5.44,0.46489826825574504,0.25865872127477446,1,0,1,0,1,0,0,0,0,0,0
20,32,60748.0,28241.64,796,11518.0,36,16.2,0.46489826825574504,0.18960294989135446,0,0,1,0,1,0,0,0,0,0,1
21,39,67427.0,44564.81,722,19214.0,12,9.88,0.6609341955003188,0.28496003084817656,0,0,1,0,1,0,0,0,0,0,1
22,62,106893.0,54396.19,635,25394.0,24,6.87,0.5088844919686042,0.23756466747120952,0,0,1,0,0,1,0,0,0,0,1
22,62,106893.0,54396.19,635,29243.0,24,9.55,0.5088844919686042,0.27357263805861937,0,0,1,0,0,1,0,1,0,0,1
22,62,106893.0,54396.19,635,11227.0,24,8.65,0.5088844919686042,0.10503026390876859,1,0,1,0,0,1,0,1,0,1,0
23,54,75072.0,21953.65,613,27625.0,12,6.49,0.29243459612105716,0.3679800724637681,1,1,0,1,0,0,0,0,0,0,1
24,21,131824.0,8831.59,785,21170.0,36,11.45,0.06699531193105959,0.16059291176113605,0,0,0,0,0,1,0,1,0,1,0
24,21,131824.0,8831.59,785,7930.0,36,12.2,0.06699531193105959,0.06015596552979731,0,0,0,0,0,1,0,0,0,0,0
25,34,97180.0,37308.36,553,17335.0,36,15.86,0.38390985799547234,0.17838032516978802,0,0,1,0,1,0,0,0,0,0,1
25,34,97180.0,37308.36,553,13522.0,12,11.12,0.38390985799547234,0.13914385676065033,0,0,1,0,1,0,0,0,0,1,0
25,34,97180.0,37308.36,553,13813.0,36,15.1,0.38390985799547234,0.1421383000617411,0,0,1,0,1,0,0,1,0,1,0
28,59,129596.0,40004.18,727,7135.0,36,6.2,0.3086837556714713,0.055055711596036915,0,0,0,0,0,0,1,0,1,1,0
28,59,129596.0,40004.18,727,24370.0,36,11.95,0.3086837556714713,0.18804592734343653,0,0,0,0,0,0,1,0,0,0,0
28,59,129596.0,40004.18,727,2635.0,36,15.29,0.3086837556714713,0.02033241766721195,0,0,0,0,0,0,1,0,0,0,0
29,65,148270.0,23725.64,741,4698.0,36,12.19,0.1600164564645579,0.031685438726647336,0,0,1,0,1,0,0,0,0,0,1
30,22,122112.0,38277.74,802,15201.0,24,5.45,0.31346419680293497,0.12448408018867925,0,1,0,1,0,0,0,0,0,1,0
31,49,42587.0,9604.69,594,9461.0,12,10.22,0.22553103059619134,0.2221569962664663,0,0,1,0,1,0,0,1,0,0,1
33,36,39079.0,775.63,637,5090.0,12,15.19,0.01984774431280227,0.13024898282965275,0,0,0,0,0,0,0,0,1,1,0
33,36,39079.0,775.63,637,11518.0,12,11.46,0.01984774431280227,0.29473630338545,1,0,0,0,0,0,0,1,0,1,0
33,36,39079.0,775.63,637,27073.0,36,16.65,0.01984774431280227,0.6927761713452237,0,0,0,0,0,0,0,0,1,0,0
34,36,26297.0,5174.34,651,8845.0,12,13.46,0.19676541050309923,0.3363501540099631,0,0,1,0,0,0,1,1,0,1,0
34,36,26297.0,5174.34,651,6321.0,36,17.79,0.19676541050309923,0.2403696239114728,0,0,1,0,0,0,1,0,1,0,0
34,36,26297.0,5174.34,651,8324.0,24,7.22,0.19676541050309923,0.3165380081378104,0,0,1,0,0,0,1,1,0,1,0
35,31,131334.0,71575.23,722,10993.0,36,6.65,0.5449862944858148,0.08370262079887919,0,0,1,0,0,0,0,0,0,0,0
35,31,131334.0,71575.23,722,23647.0,12,17.33,0.5449862944858148,0.18005238552088568,0,0,1,0,0,0,0,1,0,1,0
35,31,131334.0,71575.23,722,18726.0,24,14.62,0.5449862944858148,0.1425830325734387,0,0,1,0,0,0,0,1,0,0,0
36,51,112562.0,59612.99,810,15265.0,24,12.54,0.5296013752420888,0.13561415042376646,0,1,0,0,0,0,0,1,0,0,0
36,51,112562.0,59612.99,810,4360.0,36,16.73,0.5296013752420888,0.03873420870275937,0,1,0,0,0,0,0,1,0,1,0
36,51,112562.0,59612.99,810,15390.0,12,17.87,0.5296013752420888,0.1367246495264832,0,1,0,0,0,0,0,0,0,0,1
37,55,46518.0,15176.69,629,3360.0,36,13.99,0.3262541381830689,0.07223010447568683,1,0,1,1,0,0,0,1,0,0,1
38,50,60838.0,17360.51,839,15017.0,12,12.3,0.28535635622472794,0.246835859166968,0,0,0,0,0,0,1,0,1,0,0
39,61,39650.0,20204.61,598,4040.0,36,7.0,0.5095740226986128,0.10189155107187894,1,0,0,0,0,1,0,0,1,1,0
40,28,95515.0,46116.13,782,27383.0,12,14.94,0.4828155787049154,0.2866879547715019,0,1,0,0,0,0,1,0,1,0,0
40,28,95515.0,46116.13,782,23687.0,24,8.03,0.4828155787049154,0.24799246191697638,0,1,0,0,0,0,1,0,1,1,0
40,28,95515.0,46116.13,782,4944.0,36,7.73,0.4828155787049154,0.05176150342878082,0,1,0,0,0,0,1,1,0,0,0
41,32,79116.0,19274.16,841,21111.0,36,6.74,0.24361898983770666,0.266836038222357,0,0,0,0,0,0,1,1,0,0,1
41,32,79116.0,19274.16,841,14314.0,12,9.98,0.24361898983770666,0.18092421254866273,0,0,0,0,0,0,1,1,0,1,0
44,42,101347.0,31441.99,670,6679.0,36,5.34,0.31024095434497323,0.06590229607191135,0,0,1,0,1,0,0,1,0,0,1
44,42,101347.0,31441.99,670,2505.0,12,17.81,0.31024095434497323,0.02471706118582691,0,0,1,0,1,0,0,1,0,0,0
45,60,134785.0,51825.32,593,11282.0,12,5.06,0.38450361687131357,0.08370367622509924,0,0,1,0,0,1,0,0,0,1,0
45,60,134785.0,51825.32,593,6429.0,24,10.36,0.38450361687131357,0.047698185999925806,0,0,1,0,0,1,0,0,0,0,0
46,61,147887.0,52837.68,773,3908.0,36,11.82,0.35728414262240765,0.02642558169413133,0,1,0,1,0,0,0,0,1,1,0
46,61,147887.0,52837.68,773,17105.0,12,12.91,0.35728414262240765,0.11566263430862753,0,1,0,1,0,0,0,1,0,1,0
47,30,42833.0,16176.66,659,11193.0,12,17.25,0.37766815305955687,0.2613172086942311,0,1,0,0,1,0,0,0,1,0,1
47,30,42833.0,16176.66,659,25269.0,12,5.88,0.37766815305955687,0.5899423341815889,0,1,0,0,1,0,0,1,0,1,0
48,58,127652.0,3180.99,600,4506.0,24,16.04,0.02491923354119011,0.03529909441293517,0,1,0,0,0,0,0,0,0,0,1
49,54,83936.0,39096.41,813,20304.0,12,7.9,0.4657883387342738,0.24189858940144873,0,0,0,0,1,0,0,0,1,0,1
49,54,83936.0,39096.41,813,6012.0,12,9.06,0.4657883387342738,0.07162600076248571,0,0,0,0,1,0,0,0,1,0,0
49,54,83936.0,39096.41,813,6142.0,24,6.79,0.4657883387342738,0.07317479984750286,0,0,0,0,1,0,0,0,1,1,0
50,28,66492.0,42896.85,668,3302.0,24,15.57,0.6451430247247789,0.049660109486855564,0,1,0,0,0,1,0,0,1,0,1
51,39,127637.0,6949.21,794,16671.0,12,14.05,0.05444510604291859,0.13061259666084285,0,0,0,0,0,1,0,0,1,0,1
51,39,127637.0,6949.21,794,11299.0,12,5.48,0.05444510604291859,0.0885244874135243,0,0,0,0,0,1,0,1,0,1,0
51,39,127637.0,6949.21,794,26920.0,12,17.87,0.05444510604291859,0.210910629362959,0,0,0,0,0,1,0,1,0,1,0
52,38,79993.0,11876.94,839,11295.0,36,10.58,0.14847474153988474,0.14119985498731139,0,0,1,0,0,0,1,1,0,1,0
53,38,146810.0,31411.13,682,12341.0,12,12.04,0.2139577004291261,0.08406103126490021,0,1,0,0,0,0,1,0,1,1,0
53,38,146810.0,31411.13,682,24077.0,36,17.34,0.2139577004291261,0.16400108984401607,0,1,0,0,0,0,1,0,0,0,1
54,21,86958.0,54824.77,672,7852.0,12,10.1,0.630474136939672,0.09029646496009568,0,1,0,0,0,1,0,0,0,1,0
55,62,66987.0,26849.88,814,10317.0,24,10.78,0.40082224909310765,0.15401495812620358,0,0,0,0,1,0,0,0,1,0,0
56,41,64186.0,19823.17,604,17281.0,12,12.99,0.30883946655033806,0.26923316611098996,0,0,1,1,0,0,0,0,1,1,0
56,41,64186.0,19823.17,604,13699.0,12,15.18,0.30883946655033806,0.21342660393232168,0,0,1,1,0,0,0,0,0,0,1
56,41,64186.0,19823.17,604,15329.0,12,7.09,0.30883946655033806,0.23882154987068832,0,0,1,1,0,0,0,0,1,1,0
57,33,26413.0,5914.39,723,24160.0,12,10.61,0.22391966077310416,0.9147010941581797,0,0,1,0,1,0,0,1,0,1,0
58,30,30682.0,18612.72,842,18094.0,36,8.49,0.6066332051365622,0.5897268756925885,0,0,1,0,1,0,0,0,1,1,0
58,30,30682.0,18612.72,842,12819.0,36,16.67,0.6066332051365622,0.41780196858092694,0,0,1,0,1,0,0,0,1,0,0
59,30,73099.0,872.8,652,4333.0,36,16.69,0.011939971819039932,0.059275776686411576,0,0,1,1,0,0,0,0,1,1,0
59,30,73099.0,872.8,652,3643.0,36,8.1,0.011939971819039932,0.04983652307145105,0,0,1,1,0,0,0,0,1,0,1
60,62,68223.0,973.7,568,6655.0,12,5.11,0.014272312856368088,0.09754774782697917,0,0,1,0,0,0,1,0,1,0,1
60,62,68223.0,973.7,568,8064.0,12,16.5,0.014272312856368088,0.11820060683347258,0,0,1,0,0,0,1,0,0,1,0
60,62,68223.0,973.7,568,14118.0,12,17.0,0.014272312856368088,0.20693900883866145,0,0,1,0,0,0,1,0,0,1,0
62,34,21020.0,2092.99,789,3009.0,36,8.7,0.09957136060894385,0.14314938154138915,0,0,0,0,0,0,1,1,0,0,0
63,34,138224.0,5131.17,622,28225.0,36,8.95,0.03712213508507929,0.20419753443685612,0,0,1,0,1,0,0,1,0,0,0
63,34,138224.0,5131.17,622,23266.0,12,15.58,0.03712213508507929,0.16832098622525754,0,0,1,0,1,0,0,1,0,1,0
63,34,138224.0,5131.17,622,22212.0,24,9.87,0.03712213508507929,0.16069568237064474,0,0,1,0,1,0,0,0,1,0,1
64,36,62635.0,11623.88,703,11594.0,36,13.66,0.18558122455496126,0.1851041749820388,0,0,0,0,1,0,0,0,1,1,0
64,36,62635.0,11623.88,703,16744.0,36,15.31,0.18558122455496126,0.26732657459886644,0,0,0,0,1,0,0,1,0,0,0
65,42,143602.0,5529.14,544,21700.0,12,17.21,0.03850322418907815,0.15111210150276458,0,0,0,0,1,0,0,0,1,1,0
65,42,143602.0,5529.14,544,23388.0,36,9.92,0.03850322418907815,0.16286681243993817,0,0,0,0,1,0,0,0,1,0,0
66,62,85140.0,35114.69,723,20811.0,24,17.02,0.41243469579516095,0.24443269908386187,0,0,0,0,0,0,1,0,0,0,1
66,62,85140.0,35114.69,723,21207.0,12,6.07,0.41243469579516095,0.24908386187455955,0,0,0,0,0,0,1,0,1,0,0
66,62,85140.0,35114.69,723,17180.0,12,12.06,0.41243469579516095,0.20178529480855062,0,0,0,0,0,0,1,0,1,0,0
67,28,41567.0,232.4,667,14145.0,24,14.46,0.005590973608872423,0.34029398320783316,0,1,0,0,0,0,0,1,0,0,1
68,55,135595.0,62228.71,591,10168.0,12,8.38,0.4589307127843947,0.07498801578229286,0,0,1,0,0,0,1,0,1,1,0
69,42,38348.0,18062.38,581,2047.0,24,7.94,0.4710123083342026,0.0533795765098571,0,0,1,0,0,0,1,0,0,0,1
70,43,95233.0,44035.23,651,9066.0,12,15.63,0.4623946531139416,0.09519809309798075,0,1,0,0,0,0,1,1,0,0,1
70,43,95233.0,44035.23,651,8474.0,12,15.73,0.4623946531139416,0.08898176052418805,0,1,0,0,0,0,1,0,0,1,0
70,43,95233.0,44035.23,651,5560.0,12,17.07,0.4623946531139416,0.058383123497107094,0,1,0,0,0,0,1,0,1,1,0
71,44,129219.0,48567.88,616,19211.0,12,15.4,0.3758571107963999,0.14867008721627625,0,0,1,1,0,0,0,0,1,1,0
72,22,46806.0,19870.38,810,10359.0,12,13.95,0.42452634277656714,0.22131777977182412,0,1,0,0,0,1,0,0,0,0,0
72,22,46806.0,19870.38,810,13863.0,24,17.7,0.42452634277656714,0.29617997692603515,0,1,0,0,0,1,0,1,0,0,0
72,22,46806.0,19870.38,810,5854.0,36,17.71,0.42452634277656714,0.1250694355424518,0,1,0,0,0,1,0,1,0,1,0
73,35,74317.0,6889.23,681,29697.0,24,5.21,0.0927005934039318,0.39959901503020845,0,0,0,0,0,0,0,0,1,1,0
73,35,74317.0,6889.23,681,16533.0,12,10.5,0.0927005934039318,0.22246592300550344,0,0,0,0,0,0,0,0,0,1,0
73,35,74317.0,6889.23,681,10948.0,24,7.4,0.0927005934039318,0.14731488084825814,0,0,0,0,0,0,0,0,1,0,0
74,37,137714.0,85469.28,674,5416.0,24,16.96,0.6206288394789201,0.03932788242299258,0,1,0,0,1,0,0,1,0,1,0
74,37,137714.0,85469.28,674,21157.0,24,5.84,0.6206288394789201,0.15362998678420495,1,1,0,0,1,0,0,0,1,0,1
75,41,134615.0,9552.49,710,8436.0,12,17.4,0.0709615570330201,0.06266760762173607,0,1,0,0,1,0,0,0,0,0,0
77,33,77780.0,44299.31,845,25512.0,36,5.58,0.5695462843918745,0.3280020570840833,0,0,1,0,1,0,0,0,0,0,0
77,33,77780.0,44299.31,845,23474.0,24,11.42,0.5695462843918745,0.30179994857289794,0,0,1,0,1,0,0,0,1,1,0
78,45,83225.0,25880.91,665,26121.0,24,10.3,0.3109751877440673,0.31386001802343044,0,1,0,0,0,1,0,0,0,1,0
78,45,83225.0,25880.91,665,6446.0,36,15.83,0.3109751877440673,0.07745268849504355,1,1,0,0,0,1,0,1,0,1,0
79,52,64033.0,19926.26,732,9438.0,12,9.39,0.3111873565192947,0.1473927506129652,0,0,1,0,1,0,0,0,0,0,0
79,52,64033.0,19926.26,732,10164.0,12,8.87,0.3111873565192947,0.1587306545062702,0,0,1,0,1,0,0,0,0,1,0
79,52,64033.0,19926.26,732,19481.0,24,6.87,0.3111873565192947,0.3042337544703512,0,0,1,0,1,0,0,0,0,0,0
82,47,129945.0,8744.94,676,8253.0,12,11.36,0.06729724114048252,0.06351148562853515,0,0,1,0,0,0,0,0,1,0,1
82,47,129945.0,8744.94,676,22543.0,12,16.56,0.06729724114048252,0.17348108815267999,0,0,1,0,0,0,0,0,0,0,1
84,26,127323.0,55279.52,843,15802.0,12,9.85,0.4341675895164267,0.12410954815704939,0,0,0,1,0,0,0,0,0,0,0
85,42,63956.0,30183.6,759,2238.0,36,5.68,0.4719432109575333,0.0349928075551942,0,0,0,0,0,0,1,0,0,0,0
85,42,63956.0,30183.6,759,17796.0,24,14.1,0.4719432109575333,0.2782537994871474,0,0,0,0,0,0,1,1,0,0,1
85,42,63956.0,30183.6,759,10429.0,24,8.49,0.4719432109575333,0.16306523234723871,1,0,0,0,0,0,1,0,0,0,0
87,36,56458.0,25132.82,681,15738.0,24,7.31,0.4451595876580821,0.27875588933366396,0,0,1,0,1,0,0,0,1,0,0
88,60,88869.0,41805.67,773,15135.0,12,9.07,0.4704190437610415,0.1703068561590656,0,0,0,0,1,0,0,0,1,0,1
88,60,88869.0,41805.67,773,2212.0,24,11.69,0.4704190437610415,0.024890569264873014,0,0,0,0,1,0,0,0,0,1,0
88,60,88869.0,41805.67,773,9475.0,24,7.88,0.4704190437610415,0.10661760568927298,0,0,0,0,1,0,0,0,1,1,0
89,55,105227.0,20294.66,558,9947.0,36,14.2,0.19286551930588156,0.09452897070143594,1,0,1,0,0,1,0,0,1,0,1
90,57,133492.0,32168.73,584,27141.0,24,6.83,0.2409787103347017,0.2033155544901567,0,0,0,0,0,1,0,0,0,1,0
90,57,133492.0,32168.73,584,23896.0,36,10.97,0.2409787103347017,0.17900698169178678,0,0,0,0,0,1,0,0,0,0,1
90,57,133492.0,32168.73,584,13875.0,12,15.61,0.2409787103347017,0.10393881281275283,0,0,0,0,0,1,0,1,0,0,1
91,26,50521.0,15584.21,804,15766.0,12,15.88,0.30846994319194,0.3120682488470141,0,0,1,0,0,1,0,0,0,0,1
92,24,100751.0,59027.29,714,16553.0,24,8.21,0.5858729938164385,0.16429613601850104,0,0,1,0,0,1,0,0,0,0,0
93,59,127905.0,59913.51,658,9684.0,24,8.61,0.4684219537938314,0.0757124428286619,0,0,0,0,0,1,0,0,1,0,0
93,59,127905.0,59913.51,658,24866.0,24,17.9,0.4684219537938314,0.19440991360775575,0,0,0,0,0,1,0,0,1,0,0
93,59,127905.0,59913.51,658,23539.0,12,12.61,0.4684219537938314,0.1840350259958563,0,0,0,0,0,1,0,0,0,1,0
94,46,147798.0,28351.19,684,7349.0,24,5.8,0.19182390830728427,0.049723270950892434,0,1,0,0,1,0,0,0,1,1,0
94,46,147798.0,28351.19,684,4836.0,36,8.64,0.19182390830728427,0.03272033451061584,0,1,0,0,1,0,0,0,0,1,0
94,46,147798.0,28351.19,684,19917.0,12,10.51,0.19182390830728427,0.13475825112653758,0,1,0,0,1,0,0,0,1,1,0
95,22,141503.0,40754.39,829,19277.0,12,16.98,0.28801078422365606,0.13623032727221332,0,1,0,0,1,0,0,0,1,0,1
95,22,141503.0,40754.39,829,20793.0,24,13.97,0.28801078422365606,0.14694388104845835,0,1,0,0,1,0,0,0,0,0,1
95,22,141503.0,40754.39,829,25436.0,36,14.43,0.28801078422365606,0.1797559062352035,0,1,0,0,1,0,0,0,1,1,0
96,52,28122.0,13205.8,712,17179.0,36,12.85,0.4695896451177014,0.6108740487874262,0,1,0,0,1,0,0,0,1,0,1
98,39,38716.0,15317.33,712,26402.0,24,10.71,0.39563307159830563,0.6819402830870958,0,1,0,0,0,0,0,0,0,0,0
98,39,38716.0,15317.33,712,14462.0,36,16.68,0.39563307159830563,0.3735406550263457,0,1,0,0,0,0,0,0,1,0,1
99,25,52303.0,21401.29,691,8686.0,12,6.38,0.4091790145880734,0.16607077987878324,0,0,1,0,0,0,0,1,0,0,1
99,25,52303.0,21401.29,691,9801.0,12,15.73,0.4091790145880734,0.18738886870733992,0,0,1,0,0,0,0,0,0,0,0
100,60,30335.0,4481.6,674,10875.0,36,5.75,0.14773693753090492,0.35849678589088513,0,0,1,0,1,0,0,0,0,0,0
100,60,30335.0,4481.6,674,29608.0,12,10.77,0.14773693753090492,0.9760342838305588,0,0,1,0,1,0,0,1,0,1,0
101,21,63037.0,16445.36,788,17223.0,36,6.87,0.2608842425876866,0.27322048955375416,0,0,0,0,0,1,0,1,0,0,1
101,21,63037.0,16445.36,788,26072.0,12,8.46,0.2608842425876866,0.4135983628662532,0,0,0,0,0,1,0,0,1,0,1
101,21,63037.0,16445.36,788,9231.0,24,14.15,0.2608842425876866,0.14643780636768883,0,0,0,0,0,1,0,0,1,1,0
102,58,145896.0,36551.81,754,24023.0,24,7.26,0.2505333251082963,0.16465838679607392,0,1,0,0,0,0,0,0,1,1,0
103,42,71975.0,10407.36,725,14052.0,12,16.74,0.14459687391455367,0.19523445640847517,0,1,0,0,0,0,0,1,0,0,1
103,42,71975.0,10407.36,725,3978.0,24,16.27,0.14459687391455367,0.05526919069121223,0,1,0,0,0,0,0,0,1,0,0
103,42,71975.0,10407.36,725,16682.0,36,11.16,0.14459687391455367,0.23177492184786383,0,1,0,0,0,0,0,0,0,0,0
104,61,90446.0,862.9,527,11857.0,12,14.98,0.009540499303451784,0.13109479689538509,0,1,0,0,1,0,0,0,1,0,1
104,61,90446.0,862.9,527,19173.0,36,12.57,0.009540499303451784,0.21198284058996528,1,1,0,0,1,0,0,1,0,0,0
105,30,83959.0,6569.6,816,23854.0,12,9.11,0.07824771614716708,0.2841148655891566,0,0,1,0,0,0,0,1,0,0,1
105,30,83959.0,6569.6,816,9756.0,36,17.55,0.07824771614716708,0.11619957360140068,0,0,1,0,0,0,0,1,0,0,1
106,32,60619.0,28639.4,564,4668.0,24,6.38,0.472449232088949,0.07700555931308666,0,0,0,1,0,0,0,0,1,0,1
107,50,24618.0,10255.86,757,10745.0,12,9.84,0.41660004874482087,0.4364692501421724,0,1,0,1,0,0,0,0,1,1,0
107,50,24618.0,10255.86,757,13615.0,24,12.4,0.41660004874482087,0.5530506133723292,1,1,0,1,0,0,0,0,1,0,1
108,29,108240.0,16927.47,601,7085.0,12,17.62,0.15638830376940135,0.06545639320029564,0,1,0,0,1,0,0,1,0,1,0
108,29,108240.0,16927.47,601,6002.0,12,17.2,0.15638830376940135,0.055450849963045085,0,1,0,0,1,0,0,0,0,0,1
109,23,49182.0,19393.88,599,15349.0,24,15.31,0.39432881948680415,0.3120857224187711,0,0,0,0,1,0,0,0,1,0,1
110,65,30956.0,17043.69,718,15365.0,24,8.12,0.5505779170435456,0.4963496575784985,0,0,1,0,0,0,1,0,0,0,0
111,31,127662.0,70100.75,656,15752.0,24,14.14,0.5491121085366045,0.12338832228854318,0,0,0,0,0,0,0,0,1,1,0
111,31,127662.0,70100.75,656,2657.0,24,14.59,0.5491121085366045,0.02081277122401341,1,0,0,0,0,0,0,0,0,0,1
111,31,127662.0,70100.75,656,16110.0,36,12.28,0.5491121085366045,0.12619260234055554,0,0,0,0,0,0,0,0,1,0,0
113,46,50440.0,14325.09,683,26782.0,24,6.24,0.2840025773195876,0.5309674861221253,0,0,1,1,0,0,0,0,1,0,0
113,46,50440.0,14325.09,683,6845.0,24,5.78,0.2840025773195876,0.1357057890563045,0,0,1,1,0,0,0,0,0,0,0
114,32,57918.0,3087.94,690,6202.0,36,12.15,0.05331572222797749,0.10708242687938119,0,1,0,0,1,0,0,1,0,0,0
115,63,84311.0,30229.34,622,21360.0,36,13.87,0.3585456227538518,0.25334772449621046,0,0,1,0,0,1,0,0,1,0,1
115,63,84311.0,30229.34,622,18823.0,12,12.28,0.3585456227538518,0.22325675178802293,0,0,1,0,0,1,0,1,0,1,0
115,63,84311.0,30229.34,622,15797.0,24,16.71,0.3585456227538518,0.18736582415105976,0,0,1,0,0,1,0,1,0,0,1
117,47,86091.0,2536.27,780,5577.0,36,16.93,0.029460338479051235,0.06478029062271318,0,0,1,0,1,0,0,1,0,0,1
118,53,28610.0,7448.99,652,19993.0,24,10.01,0.2603631597343586,0.6988116043341489,0,0,0,0,0,1,0,0,0,0,0
119,41,69122.0,45727.11,728,4534.0,12,7.77,0.6615420560747663,0.06559416683545036,0,0,0,0,0,0,1,1,0,0,0
120,38,23176.0,4527.15,592,9425.0,12,14.93,0.1953378494994822,0.40667069382119436,0,0,1,0,0,1,0,1,0,0,1
121,35,135823.0,62702.31,774,26488.0,24,8.25,0.4616472173343248,0.19501851674605922,0,0,0,1,0,0,0,1,0,0,0
121,35,135823.0,62702.31,774,9506.0,36,10.77,0.4616472173343248,0.0699881463375128,0,0,0,1,0,0,0,1,0,0,1
121,35,135823.0,62702.31,774,4090.0,12,15.13,0.4616472173343248,0.030112720231477732,0,0,0,1,0,0,0,1,0,1,0
122,41,51411.0,21008.68,562,12248.0,36,16.42,0.4086417303689872,0.2382369531812258,0,0,0,0,0,0,1,0,0,1,0
123,61,31434.0,18889.14,749,9091.0,24,14.72,0.6009142966214926,0.28920913660367753,0,1,0,0,0,0,0,1,0,0,0
123,61,31434.0,18889.14,749,9473.0,12,16.07,0.6009142966214926,0.3013615829993001,0,1,0,0,0,0,0,1,0,0,1
124,46,37663.0,9522.14,684,4743.0,24,13.03,0.2528247882537238,0.12593261290922125,0,0,0,1,0,0,0,0,0,0,0
124,46,37663.0,9522.14,684,15704.0,12,5.22,0.2528247882537238,0.4169609431006558,0,0,0,1,0,0,0,1,0,0,0
124,46,37663.0,9522.14,684,29806.0,36,15.65,0.2528247882537238,0.7913867721636619,1,0,0,1,0,0,0,1,0,1,0
125,41,128924.0,9456.1,785,4214.0,36,14.84,0.07334631255623468,0.03268592348980795,0,0,0,0,1,0,0,0,1,0,1
126,36,51731.0,22135.16,776,28562.0,24,7.87,0.4278896599717771,0.552125418027875,0,0,1,0,0,1,0,0,0,0,1
127,59,76613.0,2252.37,778,7008.0,24,8.75,0.029399318653492226,0.09147272656076645,0,1,0,0,1,0,0,1,0,1,0
127,59,76613.0,2252.37,778,27972.0,24,8.73,0.029399318653492226,0.3651077493375798,0,1,0,0,1,0,0,1,0,0,1
128,50,122555.0,60995.12,616,2102.0,12,16.44,0.49769589164048794,0.01715148300762923,0,1,0,0,1,0,0,0,1,0,0
128,50,122555.0,60995.12,616,14320.0,24,6.81,0.49769589164048794,0.11684549793970055,1,1,0,0,1,0,0,0,0,1,0
129,27,113817.0,58719.51,622,19922.0,24,16.95,0.5159115949287013,0.1750353637857262,0,0,1,0,0,1,0,0,0,1,0
130,47,148844.0,66781.16,630,12864.0,24,17.97,0.44866544838891725,0.08642605681115799,0,0,1,1,0,0,0,0,0,0,1
130,47,148844.0,66781.16,630,10478.0,24,14.65,0.44866544838891725,0.0703958506893123,0,0,1,1,0,0,0,0,0,0,0
131,27,142125.0,23718.65,531,26255.0,24,14.61,0.1668858399296394,0.18473175021987687,0,1,0,0,0,0,1,0,1,0,1
131,27,142125.0,23718.65,531,8376.0,36,6.78,0.1668858399296394,0.05893403693931398,1,1,0,0,0,0,1,1,0,0,1
132,39,41828.0,5774.12,583,22345.0,12,7.56,0.13804437219087692,0.5342115329444391,1,1,0,1,0,0,0,0,0,0,0
133,59,84646.0,47017.63,760,8364.0,24,11.29,0.5554619237766699,0.09881152092242988,0,1,0,0,1,0,0,0,1,1,0
133,59,84646.0,47017.63,760,2431.0,36,9.92,0.5554619237766699,0.028719608723389172,0,1,0,0,1,0,0,1,0,0,1
134,28,55664.0,19268.7,822,17560.0,36,10.39,0.3461608939350388,0.3154642138545559,0,0,1,1,0,0,0,0,1,0,0
134,28,55664.0,19268.7,822,3533.0,24,16.96,0.3461608939350388,0.06347010635240012,0,0,1,1,0,0,0,0,1,1,0
136,22,144409.0,3960.41,835,13487.0,36,10.32,0.02742495273840273,0.09339445602420902,0,0,0,0,0,0,0,0,0,0,1
136,22,144409.0,3960.41,835,14313.0,12,15.46,0.02742495273840273,0.09911432112956949,0,0,0,0,0,0,0,0,0,1,0
137,57,120738.0,59368.75,797,9246.0,12,8.45,0.49171553280657293,0.0765790389106992,0,0,1,0,0,0,0,0,0,0,0
138,47,51775.0,27773.53,764,29951.0,12,10.01,0.5364274263640753,0.5784838242394978,1,0,0,0,0,1,0,1,0,0,1
139,45,104811.0,12463.52,570,20338.0,12,8.49,0.11891423610117259,0.19404451822804858,0,1,0,1,0,0,0,0,1,0,1
139,45,104811.0,12463.52,570,12657.0,36,12.25,0.11891423610117259,0.12076022554884507,0,1,0,1,0,0,0,0,1,0,1
140,49,114565.0,28670.69,690,22839.0,12,13.33,0.25025697202461483,0.19935407847073713,0,0,1,0,1,0,0,0,1,0,1
140,49,114565.0,28670.69,690,26525.0,36,12.1,0.25025697202461483,0.23152795356347924,0,0,1,0,1,0,0,1,0,0,1
140,49,114565.0,28670.69,690,25941.0,12,11.87,0.25025697202461483,0.22643041068389125,0,0,1,0,1,0,0,1,0,0,1
141,36,148235.0,91308.93,641,3348.0,24,17.4,0.6159741626471481,0.02258575909872837,0,1,0,1,0,0,0,0,0,1,0
142,57,90698.0,29193.83,742,4350.0,12,7.84,0.3218795342785949,0.047961366292531254,0,1,0,1,0,0,0,0,0,0,1
143,40,117041.0,69486.6,805,16101.0,24,12.92,0.5936945173059014,0.13756717731393273,0,0,1,0,1,0,0,0,0,0,0
143,40,117041.0,69486.6,805,25577.0,12,10.51,0.5936945173059014,0.21853025862731862,0,0,1,0,1,0,0,0,0,0,1
144,64,89686.0,47489.78,641,25110.0,24,5.03,0.5295116294627924,0.27997680797448876,1,0,0,0,0,0,1,0,1,1,0
144,64,89686.0,47489.78,641,10923.0,24,9.69,0.5295116294627924,0.12179158397074237,1,0,0,0,0,0,1,0,0,1,0
144,64,89686.0,47489.78,641,29691.0,24,10.54,0.5295116294627924,0.3310550141605156,0,0,0,0,0,0,1,1,0,1,0
145,58,90695.0,36742.49,659,5645.0,24,17.7,0.40512145101714536,0.06224157891835272,0,0,0,0,0,1,0,1,0,0,0
145,58,90695.0,36742.49,659,2682.0,36,16.83,0.40512145101714536,0.02957164121506147,0,0,0,0,0,1,0,0,1,1,0
145,58,90695.0,36742.49,659,7250.0,24,12.44,0.40512145101714536,0.07993825458955842,0,0,0,0,0,1,0,1,0,1,0
146,46,99793.0,63056.53,838,24862.0,24,11.36,0.6318732776848075,0.24913571092160772,0,0,1,0,0,0,0,1,0,0,0
147,23,22820.0,2408.67,822,15878.0,24,17.7,0.10555083260297984,0.6957931638913234,0,1,0,0,0,0,0,0,0,0,0
147,23,22820.0,2408.67,822,25614.0,12,17.93,0.10555083260297984,1.1224364592462752,0,1,0,0,0,0,0,0,0,0,1
147,23,22820.0,2408.67,822,8070.0,12,16.38,0.10555083260297984,0.35363716038562665,0,1,0,0,0,0,0,1,0,1,0
149,30,28127.0,5332.12,635,3300.0,24,9.49,0.18957300814164327,0.11732499022291748,0,1,0,0,0,0,1,1,0,0,1
149,30,28127.0,5332.12,635,14252.0,12,8.13,0.18957300814164327,0.5067017456536425,0,1,0,0,0,0,1,0,1,0,1
149,30,28127.0,5332.12,635,20695.0,36,10.62,0.18957300814164327,0.7357699008070537,0,1,0,0,0,0,1,0,1,1,0
150,62,88841.0,44922.19,541,4815.0,36,9.68,0.5056470548508009,0.054197949145101926,0,0,0,0,0,0,1,0,1,1,0
151,60,96514.0,13228.73,806,25281.0,12,8.45,0.1370653998383654,0.2619412727687175,0,0,0,0,0,0,0,0,1,1,0
151,60,96514.0,13228.73,806,7796.0,24,12.82,0.1370653998383654,0.08077584599125516,0,0,0,0,0,0,0,0,0,1,0
152,21,60805.0,16651.73,672,3174.0,24,17.29,0.2738546172189787,0.052199654633664994,0,0,0,0,0,1,0,0,0,0,1
153,25,65680.0,7834.6,739,24042.0,12,11.61,0.11928440925700366,0.366047503045067,0,1,0,0,0,0,1,1,0,0,0
154,40,141195.0,47401.06,545,24253.0,12,15.27,0.33571344594355323,0.17176953858139452,0,0,1,0,1,0,0,0,0,0,0
154,40,141195.0,47401.06,545,9281.0,24,6.23,0.33571344594355323,0.06573178936931194,0,0,1,0,1,0,0,0,1,0,1
155,42,25249.0,2320.29,731,4214.0,24,16.05,0.09189631272525645,0.16689769891876907,0,1,0,0,0,1,0,0,0,0,0
156,62,21216.0,5967.88,693,2408.0,24,17.7,0.28129147812971345,0.11349924585218703,0,0,1,0,0,0,0,0,0,0,0
157,46,86454.0,45532.84,712,4868.0,24,11.05,0.5266712934045851,0.05630740046730053,0,0,1,0,0,1,0,0,1,1,0
157,46,86454.0,45532.84,712,20190.0,24,8.98,0.5266712934045851,0.23353459643278507,0,0,1,0,0,1,0,0,1,1,0
157,46,86454.0,45532.84,712,22354.0,12,9.17,0.5266712934045851,0.25856524857149465,0,0,1,0,0,1,0,0,0,0,0
158,63,78875.0,37144.26,542,8895.0,24,12.43,0.47092564183835184,0.11277337559429478,0,1,0,0,0,0,1,0,1,1,0
159,50,39833.0,17205.12,845,21220.0,36,17.44,0.4319313132327467,0.5327241232144202,0,1,0,0,1,0,0,0,0,0,1
159,50,39833.0,17205.12,845,23019.0,36,14.52,0.4319313132327467,0.5778876810684608,0,1,0,0,1,0,0,0,1,0,1
161,53,39161.0,2620.29,602,28052.0,24,16.66,0.0669107019739026,0.7163249150940987,0,1,0,1,0,0,0,1,0,0,0
161,53,39161.0,2620.29,602,3130.0,12,15.59,0.0669107019739026,0.07992645744490692,0,1,0,1,0,0,0,0,1,1,0
161,53,39161.0,2620.29,602,6848.0,24,6.34,0.0669107019739026,0.17486785322131712,0,1,0,1,0,0,0,1,0,1,0
162,52,90029.0,29281.21,835,10180.0,24,12.23,0.3252419775850004,0.11307467593775339,0,1,0,0,1,0,0,1,0,1,0
162,52,90029.0,29281.21,835,28426.0,24,9.58,0.3252419775850004,0.3157427051283475,1,1,0,0,1,0,0,1,0,1,0
163,63,30572.0,9348.7,642,8692.0,36,12.09,0.30579288237603036,0.28431244275807926,0,0,0,0,0,1,0,1,0,0,0
164,57,122077.0,62130.1,813,6699.0,12,16.99,0.5089418973270968,0.05487520171694914,0,1,0,0,1,0,0,0,1,0,0
164,57,122077.0,62130.1,813,25387.0,24,13.09,0.5089418973270968,0.20795891117900997,1,1,0,0,1,0,0,0,0,0,1
165,65,49609.0,630.37,579,10166.0,36,13.62,0.012706766917293234,0.20492249390231612,0,0,0,0,0,1,0,0,0,0,1
168,32,77199.0,11365.38,561,14894.0,24,17.49,0.1472218552053783,0.1929299602326455,1,0,1,1,0,0,0,1,0,0,1
168,32,77199.0,11365.38,561,19874.0,36,7.43,0.1472218552053783,0.25743856785709657,0,0,1,1,0,0,0,0,0,0,1
169,60,37135.0,16779.6,683,8687.0,24,17.45,0.45185404604820245,0.23393025447690857,0,0,1,0,0,0,1,0,0,1,0
170,39,62241.0,5266.5,726,20588.0,24,15.84,0.08461464308092737,0.33077874712809885,0,1,0,0,1,0,0,0,0,0,1
170,39,62241.0,5266.5,726,3017.0,24,7.84,0.08461464308092737,0.048472871579826805,0,1,0,0,1,0,0,1,0,1,0
171,34,44588.0,452.78,839,29744.0,24,17.22,0.010154750156992912,0.6670853144343769,0,0,1,0,0,1,0,1,0,0,0
171,34,44588.0,452.78,839,8746.0,24,6.96,0.010154750156992912,0.1961514308782632,0,0,1,0,0,1,0,0,1,0,0
171,34,44588.0,452.78,839,23730.0,24,17.4,0.010154750156992912,0.5322059747017135,0,0,1,0,0,1,0,0,0,0,1
172,52,71462.0,28755.07,706,20522.0,24,9.85,0.4023826649128208,0.2871736027539112,0,0,1,1,0,0,0,0,1,0,0
173,61,32442.0,3883.04,640,11130.0,36,7.99,0.1196917575981752,0.34307379323099685,0,0,1,0,0,0,0,1,0,1,0
173,61,32442.0,3883.04,640,24130.0,36,12.77,0.1196917575981752,0.7437889156032303,0,0,1,0,0,0,0,0,1,0,0
173,61,32442.0,3883.04,640,27866.0,36,8.98,0.1196917575981752,0.8589482769249738,0,0,1,0,0,0,0,0,0,0,0
174,62,47103.0,11877.39,586,2219.0,24,16.6,0.2521578243423986,0.04710952593253084,0,0,1,0,0,0,1,0,1,0,1
175,35,128559.0,16559.31,590,9452.0,12,17.68,0.12880708468485288,0.0735226627462877,0,1,0,0,0,0,0,0,0,0,1
175,35,128559.0,16559.31,590,20706.0,12,12.97,0.12880708468485288,0.16106223601614822,0,1,0,0,0,0,0,1,0,1,0
175,35,128559.0,16559.31,590,28071.0,12,12.63,0.12880708468485288,0.21835110727370313,0,1,0,0,0,0,0,0,1,1,0
176,38,93444.0,12636.62,825,22883.0,36,12.58,0.13523201061598392,0.24488463678780875,0,1,0,0,0,0,0,0,1,1,0
176,38,93444.0,12636.62,825,6534.0,12,12.07,0.13523201061598392,0.06992423269551817,0,1,0,0,0,0,0,0,1,1,0
177,51,84665.0,7383.6,805,6798.0,24,6.08,0.0872095907399752,0.08029291915195182,0,0,0,1,0,0,0,1,0,0,1
177,51,84665.0,7383.6,805,22720.0,36,16.0,0.0872095907399752,0.2683517392074647,0,0,0,1,0,0,0,0,0,1,0
178,50,142329.0,73213.72,748,7751.0,36,16.57,0.5143977685503306,0.05445833245508645,0,0,0,0,0,0,0,1,0,0,1
179,57,113308.0,9492.81,674,6824.0,36,16.19,0.08377881526458855,0.0602252268154058,0,0,1,0,0,1,0,1,0,0,0
180,42,46047.0,23446.75,668,19483.0,36,17.88,0.509191695441614,0.4231111690229548,0,1,0,0,0,0,0,1,0,0,1
181,25,77783.0,39651.8,790,25634.0,36,14.57,0.5097746294177391,0.3295578725428436,0,0,0,0,0,0,1,0,1,0,0
182,31,98507.0,37338.45,560,24348.0,36,9.73,0.3790436212654938,0.2471702518602739,1,1,0,0,0,0,0,0,0,0,0
182,31,98507.0,37338.45,560,14383.0,24,16.38,0.3790436212654938,0.14600992822845077,0,1,0,0,0,0,0,0,1,1,0
182,31,98507.0,37338.45,560,20843.0,12,9.67,0.3790436212654938,0.21158902413026484,0,1,0,0,0,0,0,0,0,1,0
183,35,118487.0,19549.15,609,14799.0,12,13.82,0.16498983010794435,0.1248997780347211,0,0,1,0,0,1,0,0,1,0,0
183,35,118487.0,19549.15,609,10669.0,36,11.92,0.16498983010794435,0.09004363347877826,0,0,1,0,0,1,0,0,0,0,0
184,24,132737.0,54356.02,610,5462.0,36,14.07,0.40950164611223694,0.0411490390772731,0,1,0,0,1,0,0,0,1,0,0
185,33,145866.0,8055.9,763,4794.0,36,8.16,0.05522808605158159,0.03286578092221628,0,0,0,0,0,0,0,0,1,1,0
185,33,145866.0,8055.9,763,11864.0,12,11.06,0.05522808605158159,0.081334923834204,0,0,0,0,0,0,0,0,0,0,0
186,55,28384.0,631.37,843,8555.0,36,6.09,0.022243869785794814,0.301402198421646,0,1,0,0,0,1,0,1,0,0,1
186,55,28384.0,631.37,843,16381.0,24,6.87,0.022243869785794814,0.5771209131905298,0,1,0,0,0,1,0,0,0,1,0
186,55,28384.0,631.37,843,22888.0,12,9.35,0.022243869785794814,0.806369785794814,0,1,0,0,0,1,0,0,1,0,1
187,40,59795.0,29329.68,712,5411.0,36,7.09,0.49050388828497365,0.0904925160966636,1,0,0,0,0,1,0,0,0,1,0
188,64,127441.0,55127.43,795,20222.0,24,11.77,0.43257217065151715,0.15867734873392395,0,1,0,1,0,0,0,0,0,0,1
189,36,70550.0,34378.97,759,24114.0,36,9.48,0.48729936215450037,0.34180014174344436,1,0,0,0,0,0,0,1,0,0,0
189,36,70550.0,34378.97,759,7704.0,36,17.96,0.48729936215450037,0.10919914953933381,0,0,0,0,0,0,0,0,1,1,0
189,36,70550.0,34378.97,759,18381.0,12,8.28,0.48729936215450037,0.26053862508858966,0,0,0,0,0,0,0,0,0,0,1
190,29,31300.0,19624.06,827,15954.0,36,16.96,0.6269667731629394,0.5097124600638978,1,0,0,0,0,0,1,0,1,0,0
190,29,31300.0,19624.06,827,8594.0,12,17.78,0.6269667731629394,0.27456869009584667,0,0,0,0,0,0,1,0,0,0,1
191,65,91936.0,47665.34,731,27207.0,24,16.31,0.5184621910894535,0.29593412808910546,0,1,0,0,0,0,1,1,0,1,0
191,65,91936.0,47665.34,731,24907.0,12,17.26,0.5184621910894535,0.2709167246780369,0,1,0,0,0,0,1,0,0,0,1
191,65,91936.0,47665.34,731,20166.0,12,10.96,0.5184621910894535,0.21934824225548208,0,1,0,0,0,0,1,1,0,0,1
192,32,141454.0,97517.41,794,22299.0,12,11.62,0.689393088919366,0.15764135337282792,1,0,1,0,1,0,0,0,0,1,0
192,32,141454.0,97517.41,794,24655.0,24,7.59,0.689393088919366,0.17429694458976064,0,0,1,0,1,0,0,0,0,0,1
192,32,141454.0,97517.41,794,26504.0,36,11.11,0.689393088919366,0.18736833175449263,0,0,1,0,1,0,0,1,0,1,0
193,22,109304.0,17148.92,575,13105.0,36,12.16,0.1568919710166142,0.11989497182170826,0,1,0,1,0,0,0,1,0,0,0
193,22,109304.0,17148.92,575,5957.0,12,12.85,0.1568919710166142,0.054499377881870745,1,1,0,1,0,0,0,1,0,0,0
195,21,88135.0,61334.19,729,15373.0,24,12.04,0.6959118397912294,0.17442559709536506,1,0,1,0,0,0,0,0,0,0,1
195,21,88135.0,61334.19,729,13458.0,12,12.86,0.6959118397912294,0.15269756623361888,0,0,1,0,0,0,0,0,0,0,0
195,21,88135.0,61334.19,729,13316.0,24,14.6,0.6959118397912294,0.1510864015430873,0,0,1,0,0,0,0,0,0,0,0
196,29,53751.0,24046.17,817,8689.0,36,14.53,0.4473622816319696,0.1616528064594147,0,0,0,1,0,0,0,0,0,0,1
196,29,53751.0,24046.17,817,2285.0,12,16.34,0.4473622816319696,0.04251083700768358,0,0,0,1,0,0,0,1,0,1,0
196,29,53751.0,24046.17,817,28893.0,12,11.72,0.4473622816319696,0.537534185410504,0,0,0,1,0,0,0,0,1,0,0
197,62,48723.0,20768.02,644,11358.0,12,17.25,0.42624674178519384,0.23311372452435195,0,0,1,0,0,1,0,0,1,0,0
197,62,48723.0,20768.02,644,22589.0,36,8.55,0.42624674178519384,0.46362087720378464,0,0,1,0,0,1,0,1,0,0,0
198,58,46513.0,10864.21,806,6768.0,24,5.11,0.23357362457807493,0.1455077075226281,0,1,0,0,0,1,0,0,0,0,0
198,58,46513.0,10864.21,806,12399.0,24,13.79,0.23357362457807493,0.2665706361662331,0,1,0,0,0,1,0,0,0,1,0
199,41,98974.0,39176.98,594,24449.0,12,16.83,0.39583102633014733,0.24702447107321115,0,0,1,0,0,0,1,0,0,0,1
199,41,98974.0,39176.98,594,12995.0,12,13.55,0.39583102633014733,0.131297108331481,0,0,1,0,0,0,1,1,0,0,0
199,41,98974.0,39176.98,594,4620.0,36,17.73,0.39583102633014733,0.04667892577848728,0,0,1,0,0,0,1,1,0,0,0
200,52,79166.0,31734.91,667,23338.0,24,6.73,0.4008653967612359,0.2947982719854483,0,0,1,0,1,0,0,0,0,0,0
200,52,79166.0,31734.91,667,4448.0,36,10.09,0.4008653967612359,0.05618573630093727,0,0,1,0,1,0,0,0,1,0,1
201,55,70610.0,11947.24,615,29516.0,36,16.82,0.1692003965443988,0.4180144455459567,0,0,0,1,0,0,0,1,0,1,0
203,22,146882.0,488.63,786,22593.0,36,5.82,0.0033266840048474283,0.1538173499816179,0,0,0,0,0,0,0,0,1,1,0
204,26,97110.0,66880.24,685,2466.0,12,17.48,0.6887060035011843,0.025393883225208528,0,1,0,0,0,0,1,1,0,1,0
206,26,31084.0,10849.2,654,13278.0,12,9.6,0.349028439068331,0.42716510101660016,0,1,0,0,0,1,0,0,0,0,0
208,54,37760.0,4030.23,771,26158.0,12,10.71,0.10673278601694915,0.6927436440677966,0,1,0,1,0,0,0,1,0,1,0
208,54,37760.0,4030.23,771,3535.0,24,11.94,0.10673278601694915,0.0936175847457627,0,1,0,1,0,0,0,1,0,1,0
208,54,37760.0,4030.23,771,3784.0,36,10.81,0.10673278601694915,0.10021186440677966,0,1,0,1,0,0,0,0,1,0,0
210,49,98274.0,67364.61,765,10698.0,12,8.72,0.6854774406251908,0.10885890469503633,0,0,1,0,1,0,0,0,1,1,0
210,49,98274.0,67364.61,765,13979.0,24,16.35,0.6854774406251908,0.1422451513116389,0,0,1,0,1,0,0,0,1,0,0
210,49,98274.0,67364.61,765,17711.0,24,13.29,0.6854774406251908,0.1802206076887071,0,0,1,0,1,0,0,0,1,0,0
212,22,118606.0,77615.37,705,6349.0,24,6.18,0.6543966578419304,0.053530175539180144,0,1,0,0,0,0,0,0,1,0,0
212,22,118606.0,77615.37,705,11625.0,36,9.37,0.6543966578419304,0.09801359121798223,0,1,0,0,0,0,0,0,0,0,0
214,39,75381.0,50480.97,707,21035.0,12,14.96,0.669677637600987,0.27904909725262333,0,0,1,0,0,0,0,0,1,0,1
215,37,117149.0,29448.88,531,11875.0,12,16.37,0.25137969594277376,0.10136663565203288,0,1,0,1,0,0,0,1,0,1,0
215,37,117149.0,29448.88,531,20345.0,24,10.99,0.25137969594277376,0.17366772230236707,0,1,0,1,0,0,0,0,1,0,0
217,33,102114.0,31627.5,543,22703.0,12,5.96,0.3097273635348728,0.2223299449634722,0,1,0,0,0,0,0,1,0,0,0
218,53,137364.0,25005.29,821,8943.0,12,7.33,0.1820367053958825,0.06510439416440988,0,0,0,0,0,0,1,0,0,1,0
219,64,55405.0,37130.25,647,6634.0,12,10.58,0.6701606353217219,0.11973648587672593,0,1,0,0,1,0,0,1,0,0,0
220,49,52014.0,34481.81,831,16933.0,12,6.32,0.6629332487407236,0.3255469681239666,0,0,0,0,0,1,0,0,1,0,1
221,28,41041.0,17108.43,843,28512.0,24,10.3,0.41686191856923566,0.6947199142321093,0,1,0,0,0,0,1,0,0,0,0
221,28,41041.0,17108.43,843,11001.0,36,6.75,0.41686191856923566,0.2680490241465851,0,1,0,0,0,0,1,0,1,1,0
222,39,45311.0,24427.51,825,3190.0,12,6.34,0.5391077221866655,0.07040233055990819,1,0,1,0,0,0,0,1,0,0,0
222,39,45311.0,24427.51,825,8980.0,24,17.11,0.5391077221866655,0.1981858709805566,0,0,1,0,0,0,0,1,0,1,0
223,63,68615.0,8936.55,637,9145.0,24,7.49,0.13024192960722872,0.1332798950666764,0,0,1,1,0,0,0,1,0,0,1
224,50,80362.0,5736.53,629,7603.0,24,9.13,0.0713836141459894,0.09460939249894229,0,0,0,0,0,0,0,0,0,1,0
224,50,80362.0,5736.53,629,9308.0,24,15.02,0.0713836141459894,0.11582588785744506,0,0,0,0,0,0,0,0,1,1,0
225,23,44635.0,10447.05,689,15392.0,36,14.8,0.2340551137000112,0.34484149210261006,0,1,0,0,0,0,1,1,0,0,1
225,23,44635.0,10447.05,689,15841.0,24,12.62,0.2340551137000112,0.35490086255180914,0,1,0,0,0,0,1,0,1,0,1
225,23,44635.0,10447.05,689,25144.0,24,14.11,0.2340551137000112,0.5633247451551473,0,1,0,0,0,0,1,1,0,1,0
226,50,105530.0,52129.46,716,27664.0,24,7.23,0.4939776366909883,0.2621434663128968,0,0,0,0,0,1,0,1,0,0,0
226,50,105530.0,52129.46,716,26734.0,36,8.56,0.4939776366909883,0.2533308064057614,0,0,0,0,0,1,0,1,0,0,1
226,50,105530.0,52129.46,716,8871.0,24,17.65,0.4939776366909883,0.0840614043399981,0,0,0,0,0,1,0,1,0,0,0
227,63,34497.0,12647.26,796,20925.0,24,6.03,0.36661912630083776,0.6065744847378033,0,0,0,1,0,0,0,0,0,0,0
227,63,34497.0,12647.26,796,10250.0,36,13.22,0.36661912630083776,0.29712728643070413,0,0,0,1,0,0,0,1,0,0,1
227,63,34497.0,12647.26,796,25797.0,12,17.76,0.36661912630083776,0.7478041568832072,0,0,0,1,0,0,0,1,0,0,0
228,51,72226.0,18447.21,683,12850.0,24,10.27,0.25540954780826847,0.17791377066430372,1,0,0,0,0,1,0,0,0,1,0
228,51,72226.0,18447.21,683,15730.0,12,8.94,0.25540954780826847,0.21778860798050564,0,0,0,0,0,1,0,0,0,0,0
230,23,127295.0,4548.5,811,8938.0,12,5.64,0.035731961192505594,0.0702148552574728,0,0,0,0,0,1,0,0,1,0,1
232,65,133663.0,53558.43,819,26787.0,12,10.07,0.40069750043018637,0.20040699370805684,0,0,0,0,0,0,0,1,0,0,1
232,65,133663.0,53558.43,819,21669.0,24,10.97,0.40069750043018637,0.16211666654197496,1,0,0,0,0,0,0,0,0,0,0
232,65,133663.0,53558.43,819,9743.0,36,17.82,0.40069750043018637,0.0728922738528987,0,0,0,0,0,0,0,0,0,0,1
233,45,107686.0,14657.31,656,26723.0,36,15.24,0.1361115651059562,0.2481566777482681,0,0,1,0,0,1,0,1,0,1,0
234,33,142217.0,68350.31,807,12614.0,12,15.47,0.48060576443041264,0.08869544428584487,0,0,1,1,0,0,0,0,1,1,0
234,33,142217.0,68350.31,807,21272.0,12,12.99,0.48060576443041264,0.149574242179205,0,0,1,1,0,0,0,1,0,0,1
235,41,94042.0,46749.71,726,28815.0,36,15.33,0.4971152251121839,0.30640564854001406,0,0,1,1,0,0,0,0,1,0,1
236,59,47895.0,6026.29,607,11786.0,24,9.03,0.12582294602776908,0.24607996659359013,0,0,0,0,0,0,1,0,0,0,1
236,59,47895.0,6026.29,607,17536.0,36,16.27,0.12582294602776908,0.36613425200960437,0,0,0,0,0,0,1,1,0,1,0
236,59,47895.0,6026.29,607,18408.0,36,13.48,0.12582294602776908,0.3843407453805199,0,0,0,0,0,0,1,0,1,1,0
238,58,59371.0,5820.35,561,4881.0,24,13.78,0.09803355173401156,0.08221185427228782,0,0,0,1,0,0,0,1,0,0,0
238,58,59371.0,5820.35,561,20920.0,36,14.8,0.09803355173401156,0.3523605800811844,0,0,0,1,0,0,0,1,0,0,0
238,58,59371.0,5820.35,561,25176.0,12,5.68,0.09803355173401156,0.4240454093749474,0,0,0,1,0,0,0,0,1,0,0
240,48,99496.0,64642.16,699,3414.0,12,12.21,0.6496960681836456,0.034312937203505665,0,1,0,0,0,0,0,1,0,0,1
241,31,83564.0,38260.25,821,18214.0,36,6.02,0.4578556555454502,0.21796467378296874,0,1,0,0,1,0,0,0,0,1,0
241,31,83564.0,38260.25,821,8392.0,24,11.61,0.4578556555454502,0.1004260207744962,0,1,0,0,1,0,0,0,0,1,0
243,58,74383.0,6560.5,528,10692.0,36,10.48,0.08819891641907425,0.1437425218127798,0,0,0,0,0,1,0,0,0,1,0
243,58,74383.0,6560.5,528,25238.0,12,13.34,0.08819891641907425,0.33929795786671685,0,0,0,0,0,1,0,1,0,0,1
244,39,59916.0,21937.26,745,4737.0,12,11.94,0.3661335870218305,0.07906068495894251,1,1,0,0,0,0,0,0,1,1,0
244,39,59916.0,21937.26,745,5741.0,24,9.33,0.3661335870218305,0.0958174778022565,0,1,0,0,0,0,0,0,0,0,0
245,40,74566.0,22952.95,568,17820.0,36,16.34,0.30782058847195776,0.2389829144650377,0,0,0,0,0,0,0,1,0,0,1
245,40,74566.0,22952.95,568,2173.0,24,8.34,0.30782058847195776,0.029141968189255157,1,0,0,0,0,0,0,0,0,0,1
245,40,74566.0,22952.95,568,14054.0,24,6.36,0.30782058847195776,0.18847732210390794,0,0,0,0,0,0,0,1,0,0,1
246,22,91742.0,2844.21,806,8710.0,36,13.03,0.03100226722766018,0.0949401582699309,0,1,0,0,0,0,1,1,0,1,0
247,21,65333.0,45023.47,664,2499.0,12,6.32,0.6891382609094945,0.03825019515405691,0,1,0,0,0,1,0,0,0,1,0
247,21,65333.0,45023.47,664,10788.0,12,13.1,0.6891382609094945,0.16512329144536453,0,1,0,0,0,1,0,0,1,0,0
248,27,34755.0,19393.31,736,10328.0,12,13.09,0.5580005754567688,0.29716587541360956,0,0,0,0,0,1,0,0,0,1,0
249,57,32678.0,8349.35,764,9541.0,24,17.44,0.2555037027969888,0.29197013281106554,0,0,0,0,0,0,0,1,0,1,0
249,57,32678.0,8349.35,764,12792.0,36,8.15,0.2555037027969888,0.3914560254605545,0,0,0,0,0,0,0,1,0,0,1
250,32,101140.0,15116.07,652,9489.0,24,5.12,0.14945689143761123,0.09382044690527981,0,1,0,0,1,0,0,0,1,0,0
251,27,60645.0,8171.33,782,24322.0,12,6.87,0.13474037430950614,0.4010553219556435,0,0,0,0,0,1,0,1,0,0,0
251,27,60645.0,8171.33,782,3167.0,24,17.34,0.13474037430950614,0.05222194739879627,0,0,0,0,0,1,0,1,0,0,1
254,50,102222.0,40895.74,765,4269.0,24,17.82,0.40006789145193794,0.0417620473087985,0,0,0,1,0,0,0,1,0,0,0
256,39,42715.0,2603.54,758,16544.0,12,16.09,0.06095142221701978,0.38731124897576963,0,1,0,0,0,0,0,1,0,0,1
256,39,42715.0,2603.54,758,12524.0,24,14.35,0.06095142221701978,0.2931991103827695,0,1,0,0,0,0,0,1,0,0,1
257,60,61204.0,7114.95,793,21240.0,24,13.2,0.11624975491797922,0.3470361414286648,0,0,0,0,0,0,1,0,0,1,0
257,60,61204.0,7114.95,793,23459.0,12,11.92,0.11624975491797922,0.38329194170315667,0,0,0,0,0,0,1,1,0,1,0
258,62,92730.0,47802.45,659,7922.0,36,5.13,0.5155014558395341,0.08543082066213739,0,0,1,0,0,0,0,0,1,0,1
258,62,92730.0,47802.45,659,12404.0,24,11.41,0.5155014558395341,0.13376469319529818,1,0,1,0,0,0,0,1,0,0,0
258,62,92730.0,47802.45,659,22964.0,12,16.94,0.5155014558395341,0.24764369675401704,0,0,1,0,0,0,0,1,0,0,1
259,22,82647.0,36154.75,749,29092.0,36,14.48,0.43745991990029887,0.3520030975111014,0,0,1,0,0,1,0,1,0,0,1
259,22,82647.0,36154.75,749,8767.0,12,10.7,0.43745991990029887,0.10607765557128511,0,0,1,0,0,1,0,0,0,1,0
259,22,82647.0,36154.75,749,19680.0,24,9.69,0.43745991990029887,0.23812116592253801,0,0,1,0,0,1,0,0,1,0,1
260,25,71123.0,3840.25,546,23517.0,12,7.35,0.053994488421467035,0.33065253152988483,0,1,0,0,0,0,1,0,1,1,0
260,25,71123.0,3840.25,546,2287.0,12,5.7,0.053994488421467035,0.03215556149206304,0,1,0,0,0,0,1,1,0,0,1
261,52,103889.0,12185.27,696,17229.0,36,6.77,0.11729124353877697,0.16584046434174937,0,0,0,0,0,0,1,1,0,0,0
262,58,75617.0,33221.32,725,8942.0,36,12.75,0.43933665710091646,0.1182538318103072,1,0,0,0,0,0,0,1,0,0,0
262,58,75617.0,33221.32,725,15413.0,36,14.99,0.43933665710091646,0.20382982662628774,1,0,0,0,0,0,0,0,0,1,0
263,34,22509.0,2106.8,814,5896.0,24,12.74,0.09359811630903195,0.2619396685770136,0,0,1,0,0,1,0,0,1,0,0
264,45,109226.0,59779.95,646,6117.0,12,5.13,0.5473051288154834,0.05600314943328512,0,1,0,0,0,0,1,1,0,0,0
264,45,109226.0,59779.95,646,9752.0,36,10.59,0.5473051288154834,0.0892827715012909,0,1,0,0,0,0,1,0,0,0,1
264,45,109226.0,59779.95,646,16544.0,24,14.91,0.5473051288154834,0.15146576822368302,0,1,0,0,0,0,1,0,1,0,0
266,35,73137.0,9715.81,724,14097.0,36,7.87,0.132843977740405,0.19274785676196726,0,1,0,1,0,0,0,1,0,0,0
267,50,148803.0,3821.96,820,11594.0,36,16.69,0.025684697217126,0.07791509579779977,0,0,0,0,0,0,0,1,0,1,0
267,50,148803.0,3821.96,820,3074.0,12,8.52,0.025684697217126,0.02065818565485911,0,0,0,0,0,0,0,1,0,0,1
267,50,148803.0,3821.96,820,8562.0,12,13.09,0.025684697217126,0.05753916251688474,0,0,0,0,0,0,0,0,1,0,1
268,35,84243.0,34478.43,669,3809.0,12,17.47,0.40927353014493784,0.045214439181890484,0,0,0,0,0,0,0,0,1,0,1
269,49,83014.0,7602.79,813,9824.0,36,7.27,0.09158443154166768,0.11834148456886791,0,0,0,0,0,0,0,0,0,0,1
269,49,83014.0,7602.79,813,10153.0,36,5.62,0.09158443154166768,0.12230467150119256,0,0,0,0,0,0,0,0,1,0,1
269,49,83014.0,7602.79,813,3069.0,36,13.5,0.09158443154166768,0.036969667766882694,0,0,0,0,0,0,0,1,0,0,0
272,27,125790.0,52575.09,737,22631.0,36,9.47,0.4179592177438588,0.17991096271563717,0,0,1,0,0,0,1,0,0,1,0
272,27,125790.0,52575.09,737,8218.0,12,12.48,0.4179592177438588,0.06533110740122426,0,0,1,0,0,0,1,0,0,1,0
273,44,82530.0,34240.9,734,5562.0,12,10.44,0.4148903429056101,0.06739367502726282,0,0,1,0,0,0,0,0,1,1,0
274,31,109322.0,52812.13,679,12690.0,12,5.98,0.48308785056987613,0.11607910576096303,0,0,1,0,1,0,0,0,0,1,0
274,31,109322.0,52812.13,679,19771.0,36,12.95,0.48308785056987613,0.18085106382978725,0,0,1,0,1,0,0,1,0,0,0
275,59,61699.0,33861.16,663,15594.0,36,15.87,0.5488121363393248,0.2527431562910258,1,0,1,0,0,0,0,0,1,1,0
275,59,61699.0,33861.16,663,20415.0,24,5.41,0.5488121363393248,0.3308805653252079,0,0,1,0,0,0,0,0,1,0,0
276,30,24328.0,9540.76,729,10102.0,24,12.84,0.39217198290036176,0.4152416968102598,0,1,0,1,0,0,0,0,0,0,1
276,30,24328.0,9540.76,729,15943.0,36,12.8,0.39217198290036176,0.655335415981585,0,1,0,1,0,0,0,1,0,1,0
277,44,24834.0,4793.39,539,4535.0,12,8.66,0.19301723443665944,0.18261254731416607,0,0,1,0,0,1,0,1,0,1,0
278,49,144056.0,7898.94,574,27492.0,36,15.83,0.054832426278669404,0.19084245015827178,0,0,0,0,0,0,1,0,0,1,0
278,49,144056.0,7898.94,574,24308.0,12,11.86,0.054832426278669404,0.16873993446992835,0,0,0,0,0,0,1,1,0,0,1
278,49,144056.0,7898.94,574,14325.0,12,12.65,0.054832426278669404,0.09944049536291442,0,0,0,0,0,0,1,0,1,0,1
279,52,123383.0,45408.07,690,20367.0,24,8.86,0.3680253357431737,0.165071363153757,0,1,0,0,1,0,0,1,0,0,0
279,52,123383.0,45408.07,690,27916.0,12,5.41,0.3680253357431737,0.22625483251339326,0,1,0,0,1,0,0,0,0,0,1
279,52,123383.0,45408.07,690,7550.0,24,11.21,0.3680253357431737,0.06119157420390167,0,1,0,0,1,0,0,0,1,0,1
280,26,75462.0,954.83,553,2934.0,12,11.46,0.012653123426360288,0.038880496143754474,0,1,0,0,0,0,1,0,0,0,1
280,26,75462.0,954.83,553,20622.0,12,5.23,0.012653123426360288,0.2732766160451618,0,1,0,0,0,0,1,1,0,0,1
281,40,124412.0,13808.82,830,14026.0,24,17.75,0.1109926695174099,0.11273832106227695,0,0,0,1,0,0,0,0,0,0,0
281,40,124412.0,13808.82,830,13836.0,24,16.47,0.1109926695174099,0.11121113718933864,0,0,0,1,0,0,0,0,0,0,1
282,29,93926.0,47740.38,722,5430.0,36,5.68,0.5082765155547985,0.05781146860294274,0,0,1,0,0,0,0,0,0,1,0
283,46,115567.0,15021.68,560,21267.0,36,5.03,0.12998243443197452,0.1840231207870759,1,1,0,0,0,1,0,0,1,1,0
284,28,67410.0,23284.77,526,7874.0,12,16.85,0.34542011570983533,0.11680759531226821,1,0,1,0,0,0,0,0,1,0,1
285,49,48848.0,27115.35,816,11906.0,36,15.4,0.5550964215525712,0.2437356698329512,0,0,1,0,0,1,0,0,1,1,0
286,22,32404.0,10455.5,776,23190.0,12,16.89,0.3226607826194297,0.7156523885940007,0,1,0,0,1,0,0,1,0,0,1
286,22,32404.0,10455.5,776,4182.0,24,7.09,0.3226607826194297,0.1290581409702506,0,1,0,0,1,0,0,0,0,0,0
286,22,32404.0,10455.5,776,22846.0,24,8.95,0.3226607826194297,0.7050364152573756,1,1,0,0,1,0,0,0,1,0,1
287,28,107828.0,65090.78,661,25387.0,36,17.34,0.60365378194903,0.2354397744556145,0,1,0,0,0,0,0,0,1,0,1
288,65,137501.0,63788.54,560,24131.0,24,15.73,0.4639132806306863,0.17549690547705107,1,0,0,1,0,0,0,0,1,0,1
288,65,137501.0,63788.54,560,19311.0,24,13.79,0.4639132806306863,0.14044261496280028,0,0,0,1,0,0,0,0,0,0,1
288,65,137501.0,63788.54,560,2706.0,24,14.74,0.4639132806306863,0.019679856873768192,0,0,0,1,0,0,0,0,1,0,0
289,45,129253.0,65687.78,594,13972.0,12,14.48,0.5082108732485899,0.10809807122465243,0,0,1,0,0,0,0,1,0,0,1
289,45,129253.0,65687.78,594,26152.0,12,13.14,0.5082108732485899,0.2023318607691891,0,0,1,0,0,0,0,0,0,0,0
289,45,129253.0,65687.78,594,11770.0,12,12.06,0.5082108732485899,0.09106171616906378,1,0,1,0,0,0,0,0,0,1,0
290,59,84222.0,32926.2,581,16609.0,36,7.42,0.3909453586948778,0.1972050058179573,0,0,1,0,0,0,0,0,0,0,1
290,59,84222.0,32926.2,581,3916.0,36,9.61,0.3909453586948778,0.046496164897532714,0,0,1,0,0,0,0,0,0,0,0
291,25,124549.0,1762.83,719,7506.0,12,8.84,0.014153706573316525,0.06026543769921878,0,1,0,0,0,1,0,0,0,0,0
292,44,33319.0,7132.43,849,21073.0,36,15.43,0.21406494792760888,0.6324619586422161,0,0,1,0,1,0,0,1,0,0,0
292,44,33319.0,7132.43,849,5489.0,36,16.66,0.21406494792760888,0.16474083856058105,0,0,1,0,1,0,0,0,1,0,1
292,44,33319.0,7132.43,849,8657.0,24,7.44,0.21406494792760888,0.25982172334103665,0,0,1,0,1,0,0,1,0,0,0
294,57,123068.0,27169.41,804,6695.0,24,17.13,0.2207674618909871,0.05440081905938181,0,0,1,0,0,0,0,0,1,1,0
295,46,148590.0,69949.94,829,21912.0,24,7.76,0.4707580590887678,0.1474661821118514,0,0,1,1,0,0,0,1,0,0,1
295,46,148590.0,69949.94,829,9220.0,36,11.77,0.4707580590887678,0.0620499360656841,0,0,1,1,0,0,0,0,1,0,0
296,52,123794.0,27749.62,600,7703.0,36,6.75,0.22415965232563775,0.062224340436531654,0,0,1,0,1,0,0,0,1,0,1
297,30,73938.0,36551.28,772,18470.0,24,7.07,0.4943504016879007,0.24980388974546242,0,0,0,1,0,0,0,0,0,0,0
297,30,73938.0,36551.28,772,12867.0,12,12.3,0.4943504016879007,0.17402418242311127,0,0,0,1,0,0,0,0,1,0,1
299,47,138304.0,74081.05,621,20353.0,12,12.48,0.5356392439842665,0.14716132577510413,0,0,1,0,0,0,1,1,0,0,1
299,47,138304.0,74081.05,621,4055.0,24,15.77,0.5356392439842665,0.02931947015270708,0,0,1,0,0,0,1,0,0,0,0
300,51,46047.0,32161.29,710,3813.0,36,12.88,0.6984448498273503,0.08280669750472343,0,0,0,1,0,0,0,0,1,0,0
300,51,46047.0,32161.29,710,4275.0,36,11.78,0.6984448498273503,0.09283992442504398,0,0,0,1,0,0,0,1,0,0,1
301,30,47226.0,1969.76,762,14704.0,24,13.82,0.04170922796764494,0.3113539152161945,0,1,0,1,0,0,0,0,0,0,1
302,41,89040.0,36053.24,587,16248.0,12,9.06,0.4049106019766397,0.18247978436657683,0,1,0,1,0,0,0,0,1,1,0
302,41,89040.0,36053.24,587,21792.0,36,13.66,0.4049106019766397,0.24474393530997304,0,1,0,1,0,0,0,0,0,0,1
303,50,136590.0,42029.83,721,3736.0,12,16.18,0.3077079581228494,0.027351929130975915,0,0,0,0,0,0,0,0,1,0,1
303,50,136590.0,42029.83,721,6238.0,36,5.85,0.3077079581228494,0.045669521926934624,0,0,0,0,0,0,0,1,0,0,1
303,50,136590.0,42029.83,721,7284.0,12,8.92,0.3077079581228494,0.05332747638919394,0,0,0,0,0,0,0,0,1,0,0
304,45,142816.0,21074.36,710,18032.0,36,7.86,0.14756301814922698,0.12626036298453955,0,0,1,0,0,0,1,1,0,0,0
304,45,142816.0,21074.36,710,23786.0,24,6.81,0.14756301814922698,0.1665499663903204,0,0,1,0,0,0,1,0,1,0,0
305,45,49244.0,24942.28,606,6425.0,24,17.06,0.5065039395662415,0.13047274794898872,0,0,1,1,0,0,0,0,1,0,0
306,36,119757.0,59283.73,751,28499.0,24,8.87,0.4950335262239368,0.237973563132009,0,1,0,0,0,1,0,0,1,1,0
306,36,119757.0,59283.73,751,21175.0,36,10.47,0.4950335262239368,0.1768163865160283,0,1,0,0,0,1,0,1,0,0,1
306,36,119757.0,59283.73,751,27576.0,36,5.07,0.4950335262239368,0.2302662892357023,0,1,0,0,0,1,0,1,0,0,1
308,49,47879.0,26629.44,845,10962.0,12,6.42,0.5561820422314584,0.22895215021199272,0,0,1,1,0,0,0,1,0,0,0
308,49,47879.0,26629.44,845,15926.0,12,14.1,0.5561820422314584,0.3326301718916435,1,0,1,1,0,0,0,0,0,0,0
309,31,64705.0,13414.76,756,13509.0,24,7.66,0.20732184529789044,0.20877830152229349,0,0,0,0,0,0,1,1,0,0,1
309,31,64705.0,13414.76,756,10386.0,12,6.73,0.20732184529789044,0.16051309790588053,0,0,0,0,0,0,1,1,0,0,0
309,31,64705.0,13414.76,756,20355.0,36,6.69,0.20732184529789044,0.31458156247585195,0,0,0,0,0,0,1,0,0,1,0
310,37,59019.0,1610.15,635,6488.0,36,9.58,0.02728189227198021,0.10993070028295973,0,0,0,0,0,0,1,0,1,0,0
310,37,59019.0,1610.15,635,12154.0,36,13.86,0.02728189227198021,0.20593368237347295,0,0,0,0,0,0,1,1,0,0,1
310,37,59019.0,1610.15,635,13644.0,36,7.49,0.02728189227198021,0.23117978955929447,0,0,0,0,0,0,1,0,1,0,1
311,25,105151.0,29907.22,705,16041.0,36,15.84,0.28442164125876124,0.1525520442030984,0,1,0,0,0,0,0,0,0,0,1
312,24,138518.0,91375.89,655,22264.0,36,17.82,0.6596679853881806,0.16073001342785775,0,0,0,0,1,0,0,0,1,1,0
312,24,138518.0,91375.89,655,12235.0,36,12.78,0.6596679853881806,0.08832787074604023,0,0,0,0,1,0,0,0,1,0,1
312,24,138518.0,91375.89,655,22552.0,36,13.68,0.6596679853881806,0.16280916559580705,0,0,0,0,1,0,0,0,1,0,1
313,65,128062.0,76324.08,669,7819.0,24,8.49,0.5959931907982071,0.06105636332401493,0,0,1,0,0,1,0,1,0,0,0
313,65,128062.0,76324.08,669,7386.0,36,12.32,0.5959931907982071,0.057675188580531306,0,0,1,0,0,1,0,0,0,1,0
314,33,56829.0,11946.26,816,21458.0,36,7.51,0.21021415122560666,0.37758890707209347,0,1,0,0,0,0,0,0,0,1,0
314,33,56829.0,11946.26,816,20259.0,36,13.52,0.21021415122560666,0.35649052420419153,0,1,0,0,0,0,0,0,1,0,1
314,33,56829.0,11946.26,816,10844.0,12,6.62,0.21021415122560666,0.19081806823980715,0,1,0,0,0,0,0,0,1,1,0
315,51,121875.0,13400.15,665,11164.0,36,13.07,0.10994994871794872,0.09160205128205129,0,1,0,0,1,0,0,0,0,0,0
315,51,121875.0,13400.15,665,25807.0,12,10.42,0.10994994871794872,0.21174974358974358,0,1,0,0,1,0,0,0,1,0,0
316,57,138219.0,26543.09,783,29512.0,12,11.23,0.19203647834234078,0.21351623148771154,1,0,0,0,1,0,0,0,1,0,1
317,43,41030.0,7321.87,658,16729.0,12,7.85,0.1784516207652937,0.40772605410675117,0,0,0,0,0,0,0,1,0,0,0
317,43,41030.0,7321.87,658,2507.0,24,14.08,0.1784516207652937,0.0611016329514989,0,0,0,0,0,0,0,0,1,0,0
317,43,41030.0,7321.87,658,6878.0,12,10.66,0.1784516207652937,0.16763343894711186,0,0,0,0,0,0,0,0,0,0,0
318,28,39253.0,17957.39,765,3068.0,24,17.65,0.457478154535959,0.07815963111099788,0,0,0,0,0,0,1,0,0,0,0
319,32,80279.0,3756.76,570,8658.0,24,12.76,0.04679629791103527,0.1078488770413184,0,0,1,0,0,1,0,1,0,0,0
319,32,80279.0,3756.76,570,13050.0,12,15.53,0.04679629791103527,0.1625580787005319,0,0,1,0,0,1,0,1,0,0,1
320,60,108387.0,11447.84,815,28691.0,24,15.73,0.1056200466845655,0.26470886729958387,0,0,1,0,0,1,0,0,1,1,0
320,60,108387.0,11447.84,815,2498.0,36,7.2,0.1056200466845655,0.023047044387242012,0,0,1,0,0,1,0,1,0,0,1
321,57,102472.0,17756.22,673,6521.0,36,5.07,0.17327874931688658,0.06363689593254743,1,0,0,1,0,0,0,1,0,0,1
322,22,39450.0,19196.9,596,8059.0,36,17.18,0.4866134347275032,0.20428390367553867,0,0,1,0,0,1,0,1,0,0,1
323,47,137176.0,13328.11,619,22510.0,36,17.85,0.09716065492505978,0.1640957601912871,0,0,0,1,0,0,0,0,0,1,0
323,47,137176.0,13328.11,619,11261.0,24,16.06,0.09716065492505978,0.08209161952528139,0,0,0,1,0,0,0,0,0,1,0
324,58,57740.0,10597.28,615,15524.0,12,9.26,0.18353446484239697,0.2688604087287842,0,0,1,0,1,0,0,0,1,0,0
324,58,57740.0,10597.28,615,3183.0,12,13.37,0.18353446484239697,0.05512642881884309,0,0,1,0,1,0,0,1,0,1,0
324,58,57740.0,10597.28,615,3029.0,36,7.66,0.18353446484239697,0.05245930031174229,0,0,1,0,1,0,0,0,1,1,0
325,23,25131.0,8079.58,732,18674.0,36,13.45,0.3214985476105209,0.743066332418129,1,1,0,0,0,1,0,0,1,0,0
325,23,25131.0,8079.58,732,21658.0,36,11.29,0.3214985476105209,0.8618041462735267,1,1,0,0,0,1,0,0,0,0,1
325,23,25131.0,8079.58,732,6454.0,24,14.99,0.3214985476105209,0.25681429310413434,0,1,0,0,0,1,0,0,1,0,0
326,56,97648.0,33811.28,574,23664.0,24,10.67,0.34625675897099784,0.24233983286908078,0,0,0,0,1,0,0,0,1,1,0
326,56,97648.0,33811.28,574,2439.0,36,17.13,0.34625675897099784,0.024977470096673768,0,0,0,0,1,0,0,0,0,1,0
326,56,97648.0,33811.28,574,19635.0,24,5.48,0.34625675897099784,0.20107938718662952,0,0,0,0,1,0,0,0,1,1,0
327,31,105065.0,63764.3,708,29368.0,12,10.72,0.6069033455479941,0.2795222005425213,0,0,1,0,1,0,0,0,0,1,0
328,43,143799.0,21545.89,568,18622.0,36,6.55,0.14983337853531664,0.12950020514746277,0,0,1,0,1,0,0,0,1,0,1
329,64,43557.0,7259.96,803,28524.0,24,8.95,0.1666772275409234,0.6548660376058957,0,1,0,0,0,0,1,0,0,0,1
329,64,43557.0,7259.96,803,13451.0,24,8.68,0.1666772275409234,0.30881373831990266,0,1,0,0,0,0,1,0,1,0,0
331,36,140543.0,69197.83,603,22527.0,24,7.81,0.49236055869022294,0.16028546423514511,1,0,0,0,0,0,1,0,0,0,0
331,36,140543.0,69197.83,603,26632.0,24,11.28,0.49236055869022294,0.18949360693880166,0,0,0,0,0,0,1,1,0,0,1
332,26,123284.0,71625.48,659,9757.0,12,14.53,0.5809795269459135,0.07914246779792998,0,1,0,0,0,0,0,0,1,0,0
333,50,92243.0,25333.15,818,20000.0,36,8.04,0.27463493164792996,0.2168186203831185,0,0,0,0,0,1,0,1,0,1,0
333,50,92243.0,25333.15,818,6553.0,12,16.92,0.27463493164792996,0.07104062096852878,0,0,0,0,0,1,0,0,1,1,0
333,50,92243.0,25333.15,818,19597.0,24,12.13,0.27463493164792996,0.21244972518239866,0,0,0,0,0,1,0,0,1,1,0
334,32,47098.0,3737.96,708,24605.0,12,13.81,0.07936557815618497,0.5224213342392459,0,1,0,1,0,0,0,1,0,1,0
334,32,47098.0,3737.96,708,7670.0,24,8.76,0.07936557815618497,0.16285192577179497,0,1,0,1,0,0,0,1,0,1,0
335,34,85979.0,41596.43,552,8458.0,12,15.42,0.4837975552169716,0.09837285848870073,0,0,1,0,0,0,1,1,0,0,0
335,34,85979.0,41596.43,552,2493.0,36,16.53,0.4837975552169716,0.028995452377906232,0,0,1,0,0,0,1,1,0,0,0
336,30,95299.0,35567.04,731,26943.0,24,8.26,0.3732152488483615,0.2827207001122782,0,0,0,0,0,1,0,1,0,1,0
336,30,95299.0,35567.04,731,4185.0,36,15.8,0.3732152488483615,0.043914416730500845,0,0,0,0,0,1,0,1,0,0,0
337,25,145791.0,10000.23,642,18218.0,36,13.65,0.06859291725826697,0.12495970258795125,0,1,0,0,1,0,0,0,1,0,1
337,25,145791.0,10000.23,642,28353.0,36,9.37,0.06859291725826697,0.19447702533078173,0,1,0,0,1,0,0,1,0,0,1
338,29,31397.0,4595.45,818,11819.0,36,10.35,0.1463658948307163,0.3764372392266777,0,0,1,0,1,0,0,1,0,0,0
338,29,31397.0,4595.45,818,16807.0,12,13.09,0.1463658948307163,0.5353059209478612,0,0,1,0,1,0,0,0,0,0,0
339,58,93427.0,15342.91,625,12134.0,12,5.44,0.16422351140462607,0.12987680220921147,0,0,0,0,1,0,0,0,1,0,1
339,58,93427.0,15342.91,625,18420.0,12,5.51,0.16422351140462607,0.19715927943742173,1,0,0,0,1,0,0,0,1,1,0
340,36,28626.0,2771.23,759,6292.0,24,13.48,0.09680814644029903,0.2198001816530427,0,0,1,0,0,0,1,0,0,0,0
340,36,28626.0,2771.23,759,21851.0,12,14.86,0.09680814644029903,0.7633270453433941,0,0,1,0,0,0,1,1,0,0,0
341,28,102970.0,42703.07,674,13831.0,36,10.99,0.4147137030202972,0.1343206759250267,0,0,1,0,1,0,0,1,0,0,0
342,23,20707.0,9860.17,827,5026.0,12,17.55,0.4761756893804028,0.2427198531897426,0,1,0,1,0,0,0,1,0,0,1
343,60,72835.0,11022.08,629,22790.0,36,10.26,0.1513294432621679,0.3128990183291,0,0,0,1,0,0,0,0,0,0,0
344,40,41141.0,5707.69,633,16742.0,36,5.69,0.13873483872535913,0.4069419800199315,0,0,1,1,0,0,0,0,0,0,0
344,40,41141.0,5707.69,633,17286.0,12,17.1,0.13873483872535913,0.4201647991055152,0,0,1,1,0,0,0,0,0,0,0
344,40,41141.0,5707.69,633,8711.0,36,6.4,0.13873483872535913,0.21173525193845555,0,0,1,1,0,0,0,0,0,0,0
345,25,134115.0,35082.64,583,15928.0,36,6.81,0.26158625060582336,0.11876374753010475,0,1,0,0,0,0,1,0,1,0,1
346,61,136163.0,16050.44,614,24572.0,24,7.65,0.11787666252946837,0.18046018375035802,0,0,1,0,1,0,0,0,1,0,0
346,61,136163.0,16050.44,614,18347.0,36,6.18,0.11787666252946837,0.13474291841395974,0,0,1,0,1,0,0,1,0,0,0
347,41,108384.0,7031.1,637,4125.0,36,8.98,0.06487212134632418,0.038059123117803365,0,0,0,1,0,0,0,1,0,1,0
347,41,108384.0,7031.1,637,14497.0,36,9.66,0.06487212134632418,0.13375590493061706,0,0,0,1,0,0,0,0,1,0,1
347,41,108384.0,7031.1,637,11553.0,36,16.54,0.06487212134632418,0.10659322409211691,0,0,0,1,0,0,0,1,0,0,0
348,45,137838.0,37260.52,828,27889.0,36,17.37,0.2703211015830177,0.20233172274699285,0,0,0,0,0,0,1,0,0,1,0
348,45,137838.0,37260.52,828,17914.0,12,15.21,0.2703211015830177,0.12996416082647747,0,0,0,0,0,0,1,0,0,0,0
349,41,102087.0,50379.08,614,28399.0,24,14.98,0.49349162968840304,0.27818429378863124,0,1,0,0,1,0,0,1,0,1,0
349,41,102087.0,50379.08,614,16626.0,24,7.72,0.49349162968840304,0.16286108907108643,0,1,0,0,1,0,0,0,0,0,0
350,36,27641.0,1857.26,674,19735.0,12,16.44,0.06719221446402084,0.7139756159328534,0,1,0,0,0,0,0,1,0,1,0
351,36,86405.0,46230.31,809,17760.0,24,6.94,0.5350420693246918,0.20554366066778543,0,1,0,0,0,0,0,0,1,0,1
351,36,86405.0,46230.31,809,11485.0,24,17.11,0.5350420693246918,0.1329205485793646,0,1,0,0,0,0,0,0,1,0,1
351,36,86405.0,46230.31,809,2852.0,24,10.23,0.5350420693246918,0.03300734911174122,0,1,0,0,0,0,0,1,0,1,0
352,24,93218.0,36207.99,807,25259.0,12,10.62,0.38842272951575874,0.27096698062605934,0,0,1,1,0,0,0,0,0,1,0
352,24,93218.0,36207.99,807,28625.0,12,14.3,0.38842272951575874,0.3070758866313373,0,0,1,1,0,0,0,0,1,1,0
352,24,93218.0,36207.99,807,5351.0,24,10.95,0.38842272951575874,0.057403076659014354,0,0,1,1,0,0,0,1,0,0,1
353,57,146124.0,73938.39,569,8917.0,12,5.65,0.5059975774000164,0.061023514275546795,0,1,0,0,0,1,0,0,1,0,1
353,57,146124.0,73938.39,569,3162.0,24,17.55,0.5059975774000164,0.021639155785497247,0,1,0,0,0,1,0,0,1,1,0
354,28,42709.0,10533.2,710,20680.0,12,13.94,0.2466271746002014,0.48420707579198763,0,0,1,1,0,0,0,1,0,0,0
355,41,99432.0,23027.52,819,3486.0,36,11.92,0.23159063480569636,0.035059135891865795,0,0,0,0,1,0,0,0,0,0,0
356,37,132646.0,20295.71,719,3201.0,24,14.12,0.15300657388839467,0.024131899944212415,0,0,1,1,0,0,0,0,0,0,0
356,37,132646.0,20295.71,719,6728.0,24,14.57,0.15300657388839467,0.050721469173589856,0,0,1,1,0,0,0,0,1,0,1
356,37,132646.0,20295.71,719,10458.0,12,9.48,0.15300657388839467,0.07884142755906699,0,0,1,1,0,0,0,0,0,1,0
357,38,133481.0,3087.2,703,20740.0,24,7.76,0.023128385313265557,0.1553779189547576,0,1,0,0,0,1,0,0,0,0,1
357,38,133481.0,3087.2,703,18343.0,24,11.81,0.023128385313265557,0.13742030700998645,0,1,0,0,0,1,0,0,0,1,0
357,38,133481.0,3087.2,703,23044.0,36,13.07,0.023128385313265557,0.17263880252620223,0,1,0,0,0,1,0,0,1,1,0
358,29,100163.0,10429.51,715,6177.0,36,15.4,0.10412537563771053,0.06166947874963809,0,0,0,0,0,1,0,0,1,0,1
358,29,100163.0,10429.51,715,17649.0,36,16.26,0.10412537563771053,0.1762027894531913,0,0,0,0,0,1,0,1,0,0,0
358,29,100163.0,10429.51,715,4539.0,12,13.89,0.10412537563771053,0.045316134700438285,0,0,0,0,0,1,0,0,0,0,0
359,63,73536.0,22883.66,770,28764.0,12,10.9,0.31118989338555264,0.3911553524804178,0,0,1,0,0,1,0,0,1,0,0
359,63,73536.0,22883.66,770,12086.0,24,9.02,0.31118989338555264,0.1643548738033072,0,0,1,0,0,1,0,0,0,0,1
360,57,71408.0,38013.53,766,21264.0,24,5.19,0.5323427347075957,0.2977817611472104,0,1,0,0,0,0,1,0,0,1,0
361,54,148931.0,13853.24,660,6169.0,12,6.09,0.09301784047646225,0.04142186650193714,0,1,0,0,0,0,1,0,0,0,1
361,54,148931.0,13853.24,660,9026.0,24,10.21,0.09301784047646225,0.060605246724993456,0,1,0,0,0,0,1,0,1,1,0
361,54,148931.0,13853.24,660,29598.0,36,8.1,0.09301784047646225,0.19873632756108534,0,1,0,0,0,0,1,0,0,1,0
363,28,109131.0,25831.8,734,26164.0,36,14.35,0.2367045110921736,0.23974855907120798,0,0,0,0,1,0,0,1,0,1,0
364,62,49231.0,17540.22,824,27328.0,12,7.68,0.35628404866852187,0.5550973979809469,0,1,0,1,0,0,0,0,1,1,0
365,62,97434.0,30526.9,656,21276.0,36,6.15,0.31330849600755384,0.21836319970441528,0,0,0,0,1,0,0,0,1,1,0
365,62,97434.0,30526.9,656,3239.0,12,15.62,0.31330849600755384,0.03324301578504423,0,0,0,0,1,0,0,0,1,1,0
366,35,96827.0,62325.69,619,9568.0,36,17.06,0.643680894791742,0.09881541305627563,0,0,1,0,0,0,1,0,1,0,1
368,46,35192.0,3130.38,822,10884.0,24,9.2,0.0889514662423278,0.30927483518981586,0,0,1,0,0,0,0,0,0,0,0
369,41,131876.0,83757.85,690,22062.0,12,14.64,0.6351257999939337,0.16729351815341684,0,0,0,0,0,0,0,0,0,0,0
371,40,130239.0,65118.15,642,29917.0,36,15.65,0.4999896344412964,0.2297084590637213,0,0,1,0,0,1,0,0,0,0,0
372,63,114534.0,52937.35,637,11583.0,36,8.31,0.4621976880227705,0.10113154172560113,1,1,0,0,0,0,1,0,1,1,0
372,63,114534.0,52937.35,637,7055.0,12,6.42,0.4621976880227705,0.061597429584228265,0,1,0,0,0,0,1,0,1,0,1
372,63,114534.0,52937.35,637,9521.0,36,8.17,0.4621976880227705,0.08312815408524979,0,1,0,0,0,0,1,0,1,0,0
374,31,51776.0,33319.55,671,13009.0,24,8.32,0.6435327178615575,0.25125540791100126,0,0,0,0,0,0,1,0,1,1,0
374,31,51776.0,33319.55,671,5193.0,36,16.17,0.6435327178615575,0.10029743510506799,0,0,0,0,0,0,1,0,1,1,0
375,35,57147.0,39581.13,671,6630.0,12,9.19,0.6926195600818941,0.11601658879731219,0,1,0,0,0,1,0,0,0,0,1
377,47,61606.0,21272.78,653,28050.0,24,14.35,0.34530370418465733,0.45531279420835635,0,0,0,0,0,0,0,0,0,0,0
378,56,141777.0,8546.67,554,22957.0,12,17.96,0.06028248587570621,0.16192330208708042,0,0,0,0,0,1,0,0,1,0,0
379,63,26762.0,237.01,703,11135.0,36,15.68,0.008856214034825498,0.41607503176145283,0,1,0,1,0,0,0,1,0,1,0
379,63,26762.0,237.01,703,2092.0,36,8.02,0.008856214034825498,0.07817054031836186,0,1,0,1,0,0,0,0,0,0,0
379,63,26762.0,237.01,703,21044.0,12,11.59,0.008856214034825498,0.7863388386518197,0,1,0,1,0,0,0,0,0,1,0
380,48,50751.0,16396.41,600,2051.0,12,10.4,0.3230756044215877,0.040412996788240625,0,1,0,0,1,0,0,0,0,0,1
380,48,50751.0,16396.41,600,4695.0,36,13.25,0.3230756044215877,0.09251049240409057,0,1,0,0,1,0,0,1,0,0,0
380,48,50751.0,16396.41,600,24723.0,36,13.99,0.3230756044215877,0.4871431104805817,0,1,0,0,1,0,0,0,0,0,1
381,52,29568.0,9174.8,691,20043.0,36,8.9,0.3102949134199134,0.6778612012987013,0,1,0,0,0,0,0,1,0,0,0
381,52,29568.0,9174.8,691,5612.0,12,10.4,0.3102949134199134,0.18979978354978355,0,1,0,0,0,0,0,0,1,0,0
381,52,29568.0,9174.8,691,18871.0,12,14.55,0.3102949134199134,0.6382237554112554,0,1,0,0,0,0,0,1,0,0,1
382,53,108822.0,67522.1,689,15451.0,12,9.8,0.6204820716399259,0.1419841576151881,0,1,0,1,0,0,0,0,0,0,1
382,53,108822.0,67522.1,689,26715.0,36,10.67,0.6204820716399259,0.24549263935601257,0,1,0,1,0,0,0,1,0,1,0
382,53,108822.0,67522.1,689,23921.0,24,10.71,0.6204820716399259,0.2198176839242065,0,1,0,1,0,0,0,0,1,1,0
383,26,149665.0,87542.98,681,16019.0,36,9.69,0.5849262018508001,0.10703237229813249,0,0,0,0,0,1,0,0,1,1,0
383,26,149665.0,87542.98,681,24151.0,36,8.1,0.5849262018508001,0.16136705308522367,0,0,0,0,0,1,0,0,0,0,0
383,26,149665.0,87542.98,681,12052.0,24,9.37,0.5849262018508001,0.08052650920388868,1,0,0,0,0,1,0,0,0,0,0
384,21,100277.0,69773.04,837,11428.0,36,17.44,0.6958030256190352,0.11396431883682201,0,0,0,0,0,1,0,0,0,0,0
384,21,100277.0,69773.04,837,26330.0,36,8.72,0.6958030256190352,0.262572673693868,1,0,0,0,0,1,0,0,0,0,0
384,21,100277.0,69773.04,837,18451.0,12,15.4,0.6958030256190352,0.18400031911604856,0,0,0,0,0,1,0,1,0,1,0
385,48,41605.0,16187.58,716,27066.0,24,6.08,0.38907775507751474,0.650546809277731,0,0,0,1,0,0,0,0,1,1,0
385,48,41605.0,16187.58,716,21705.0,36,11.98,0.38907775507751474,0.5216921043143853,0,0,0,1,0,0,0,0,1,0,0
386,29,38457.0,10837.8,834,12116.0,24,5.0,0.2818160542944067,0.31505317627480045,0,0,1,0,0,1,0,0,1,0,0
387,47,48154.0,1226.11,720,27355.0,24,12.68,0.02546226689371599,0.5680732649416456,0,0,0,0,0,0,0,0,0,1,0
387,47,48154.0,1226.11,720,4282.0,12,17.18,0.02546226689371599,0.08892303858454126,0,0,0,0,0,0,0,0,0,0,0
388,26,50396.0,1237.52,814,2622.0,24,5.58,0.024555917136280657,0.05202793872529566,0,1,0,0,1,0,0,0,0,0,1
388,26,50396.0,1237.52,814,9623.0,12,15.82,0.024555917136280657,0.1909476942614493,0,1,0,0,1,0,0,1,0,1,0
389,61,119316.0,65335.55,601,21932.0,24,15.64,0.5475841463005799,0.18381440879680847,0,0,0,0,0,1,0,0,1,1,0
390,40,37250.0,6547.43,658,21222.0,24,14.14,0.17576993288590606,0.5697181208053691,0,0,1,0,0,1,0,1,0,0,0
390,40,37250.0,6547.43,658,9544.0,24,12.15,0.17576993288590606,0.25621476510067115,0,0,1,0,0,1,0,0,1,1,0
391,45,101421.0,39752.87,568,7272.0,24,10.37,0.39195896313386774,0.07170112698553555,0,0,0,0,0,1,0,1,0,0,0
391,45,101421.0,39752.87,568,26336.0,36,6.26,0.39195896313386774,0.2596700880488262,0,0,0,0,0,1,0,0,1,0,0
391,45,101421.0,39752.87,568,3029.0,24,9.17,0.39195896313386774,0.02986560968635687,0,0,0,0,0,1,0,0,1,0,1
392,39,62887.0,25254.02,701,3826.0,12,12.82,0.40157775056848,0.060839283158681444,0,1,0,0,0,0,0,0,1,1,0
393,39,34502.0,20680.38,725,11186.0,36,8.96,0.5993965567213495,0.32421308909628427,0,0,1,0,0,0,0,0,1,0,1
394,44,63579.0,25670.22,747,3292.0,36,5.46,0.40375312603218044,0.05177810283269633,0,1,0,1,0,0,0,1,0,0,1
394,44,63579.0,25670.22,747,25960.0,24,10.63,0.40375312603218044,0.408310920272417,0,1,0,1,0,0,0,1,0,0,0
396,60,144281.0,72660.07,575,16876.0,12,11.41,0.5036010978576528,0.11696619790547612,0,0,1,0,0,0,0,0,1,0,0
396,60,144281.0,72660.07,575,20912.0,36,14.88,0.5036010978576528,0.14493938910875306,0,0,1,0,0,0,0,0,0,0,1
396,60,144281.0,72660.07,575,8329.0,36,16.16,0.5036010978576528,0.05772762872450288,0,0,1,0,0,0,0,0,0,0,1
397,54,111787.0,29942.62,742,5736.0,24,17.32,0.2678542227629331,0.051311869895426125,0,0,1,0,1,0,0,0,1,1,0
397,54,111787.0,29942.62,742,18172.0,12,14.03,0.2678542227629331,0.16255915267428234,0,0,1,0,1,0,0,0,0,0,1
397,54,111787.0,29942.62,742,24124.0,36,15.28,0.2678542227629331,0.21580326871639816,0,0,1,0,1,0,0,1,0,0,1
398,24,125737.0,61892.34,572,10289.0,24,8.04,0.49223649363353666,0.08182953307300159,0,1,0,0,1,0,0,0,1,0,0
399,23,96507.0,17128.27,644,21720.0,36,7.5,0.1774821515537733,0.2250613945102428,0,0,0,1,0,0,0,0,0,0,0
399,23,96507.0,17128.27,644,2155.0,12,13.13,0.1774821515537733,0.022329986425855118,0,0,0,1,0,0,0,1,0,0,1
400,51,126702.0,8397.92,525,20652.0,12,10.0,0.06628087954412716,0.16299663777998769,0,0,1,0,0,0,1,1,0,1,0
400,51,126702.0,8397.92,525,22195.0,24,10.39,0.06628087954412716,0.17517481965556977,0,0,1,0,0,0,1,0,0,1,0
401,33,114595.0,69764.63,694,14284.0,12,16.77,0.6087929665343166,0.1246476722370086,0,0,1,0,0,1,0,0,0,0,1
401,33,114595.0,69764.63,694,10903.0,24,10.68,0.6087929665343166,0.09514376718006894,0,0,1,0,0,1,0,0,0,0,0
402,26,100266.0,4570.03,523,21066.0,12,9.21,0.04557905970119482,0.21010113099156244,0,1,0,0,0,1,0,0,1,1,0
402,26,100266.0,4570.03,523,5559.0,24,17.78,0.04557905970119482,0.055442522889114956,0,1,0,0,0,1,0,0,1,0,1
402,26,100266.0,4570.03,523,19235.0,24,11.61,0.04557905970119482,0.19183970638102646,0,1,0,0,0,1,0,0,0,0,0
403,37,35847.0,16541.25,659,2462.0,36,11.33,0.46144028789020003,0.06868078221329539,0,0,1,0,0,0,1,0,0,0,1
404,58,129687.0,70985.3,654,24851.0,36,12.22,0.5473586404188546,0.1916229074618119,0,1,0,0,0,0,1,0,0,0,1
404,58,129687.0,70985.3,654,16754.0,24,17.53,0.5473586404188546,0.1291879679536114,1,1,0,0,0,0,1,0,0,0,1
404,58,129687.0,70985.3,654,21804.0,36,16.68,0.5473586404188546,0.16812787711952623,1,1,0,0,0,0,1,1,0,0,1
405,39,29222.0,4848.61,564,18778.0,24,5.19,0.16592327698309492,0.6425980425706659,0,0,0,0,0,0,0,1,0,0,1
407,60,126758.0,56994.74,550,13494.0,12,8.22,0.44963426371511067,0.1064548194196816,0,1,0,0,0,1,0,0,1,0,1
407,60,126758.0,56994.74,550,9120.0,36,15.42,0.44963426371511067,0.07194812161757048,0,1,0,0,0,1,0,0,0,1,0
407,60,126758.0,56994.74,550,23990.0,24,16.51,0.44963426371511067,0.1892582716672715,0,1,0,0,0,1,0,1,0,1,0
408,36,140644.0,15775.99,641,6735.0,12,7.62,0.11216966241005659,0.047886863286027134,0,0,0,0,1,0,0,0,1,1,0
408,36,140644.0,15775.99,641,4535.0,24,11.77,0.11216966241005659,0.032244532294303345,0,0,0,0,1,0,0,1,0,1,0
408,36,140644.0,15775.99,641,22701.0,12,5.82,0.11216966241005659,0.1614075253832371,0,0,0,0,1,0,0,0,0,0,1
409,24,35781.0,4002.02,745,9123.0,12,7.79,0.11184762862971968,0.2549677202984824,0,1,0,0,1,0,0,0,0,0,1
410,35,122239.0,20419.86,534,23240.0,36,9.13,0.1670486505943275,0.19011935634290203,0,0,1,1,0,0,0,0,0,0,1
410,35,122239.0,20419.86,534,24301.0,12,17.79,0.1670486505943275,0.19879907394530388,0,0,1,1,0,0,0,0,1,1,0
410,35,122239.0,20419.86,534,15493.0,36,9.88,0.1670486505943275,0.12674351066353617,0,0,1,1,0,0,0,0,1,1,0
411,40,52568.0,3659.8,580,6173.0,12,9.65,0.06962030132399939,0.11742885405569929,0,0,0,0,1,0,0,0,0,0,1
412,27,145089.0,90505.16,782,22361.0,12,12.07,0.6237906388492581,0.1541191958039548,0,0,1,1,0,0,0,0,1,0,0
412,27,145089.0,90505.16,782,13374.0,36,6.24,0.6237906388492581,0.09217790459648906,0,0,1,1,0,0,0,0,1,0,0
412,27,145089.0,90505.16,782,14258.0,36,12.15,0.6237906388492581,0.09827071659464191,0,0,1,1,0,0,0,0,0,1,0
413,40,66071.0,7376.9,780,8126.0,24,8.4,0.1116511026017466,0.12298890587398405,0,0,1,1,0,0,0,0,0,1,0
413,40,66071.0,7376.9,780,8605.0,12,6.76,0.1116511026017466,0.13023868262929272,0,0,1,1,0,0,0,0,0,0,1
413,40,66071.0,7376.9,780,5321.0,36,9.39,0.1116511026017466,0.08053457644049583,0,0,1,1,0,0,0,1,0,1,0
414,33,27490.0,18616.48,775,6982.0,12,13.64,0.6772091669698072,0.25398326664241544,0,0,1,0,0,1,0,0,0,0,0
416,55,65667.0,1523.96,541,2058.0,36,11.65,0.023207394886320374,0.03133994243684042,0,0,1,0,0,0,1,0,0,0,0
416,55,65667.0,1523.96,541,26317.0,24,8.98,0.023207394886320374,0.40076446312455266,0,0,1,0,0,0,1,0,1,1,0
417,30,66543.0,37590.47,825,29920.0,24,17.23,0.564904948679801,0.4496340712020799,0,0,0,0,0,0,0,1,0,0,0
417,30,66543.0,37590.47,825,29369.0,12,5.88,0.564904948679801,0.44135371113415384,0,0,0,0,0,0,0,0,1,0,0
417,30,66543.0,37590.47,825,17949.0,36,9.01,0.564904948679801,0.269735359091114,0,0,0,0,0,0,0,1,0,1,0
418,60,47329.0,8565.03,787,25824.0,24,17.01,0.18096790551247652,0.545627416594477,0,0,1,0,0,0,1,0,1,1,0
418,60,47329.0,8565.03,787,22217.0,36,15.78,0.18096790551247652,0.4694162141604513,0,0,1,0,0,0,1,1,0,1,0
418,60,47329.0,8565.03,787,27088.0,36,11.72,0.18096790551247652,0.5723340869234508,0,0,1,0,0,0,1,0,1,0,1
419,24,137928.0,55714.96,802,20402.0,36,11.69,0.4039423467316281,0.1479177541905922,0,0,0,1,0,0,0,0,0,1,0
419,24,137928.0,55714.96,802,16714.0,36,14.37,0.4039423467316281,0.12117916594165072,0,0,0,1,0,0,0,0,1,0,0
419,24,137928.0,55714.96,802,10574.0,24,16.8,0.4039423467316281,0.07666318659010499,0,0,0,1,0,0,0,0,0,1,0
420,61,123293.0,29094.05,550,2163.0,24,13.04,0.23597487286382843,0.017543575061033472,1,0,0,0,0,1,0,0,0,0,0
421,33,78858.0,16578.61,621,18244.0,12,11.61,0.2102337112277765,0.23135255776205332,0,0,0,1,0,0,0,0,1,1,0
422,38,103737.0,52944.74,604,25480.0,36,8.3,0.5103746975524643,0.2456211380703124,0,0,0,0,0,1,0,0,1,1,0
422,38,103737.0,52944.74,604,20909.0,24,9.42,0.5103746975524643,0.20155778555385254,0,0,0,0,0,1,0,0,0,0,1
423,28,22675.0,8849.55,599,6447.0,24,17.76,0.3902778390297684,0.284321940463065,0,1,0,0,0,1,0,0,0,1,0
425,35,93531.0,3463.92,556,7312.0,24,12.63,0.03703499374538923,0.07817728881333462,0,0,1,0,1,0,0,0,0,0,0
425,35,93531.0,3463.92,556,19666.0,12,14.25,0.03703499374538923,0.2102618383209845,0,0,1,0,1,0,0,0,0,0,1
426,62,45734.0,12782.14,700,23961.0,24,12.99,0.27948878296234747,0.5239209340971706,0,0,1,1,0,0,0,0,1,1,0
427,56,27296.0,12108.04,841,14259.0,36,17.25,0.44358294255568587,0.5223842321219226,0,0,0,0,0,0,1,0,0,0,0
428,60,133018.0,65408.68,837,25347.0,36,13.83,0.4917280368070487,0.1905531582191884,0,0,1,0,0,1,0,1,0,0,0
428,60,133018.0,65408.68,837,9440.0,12,17.81,0.4917280368070487,0.07096783893909095,0,0,1,0,0,1,0,1,0,0,1
428,60,133018.0,65408.68,837,18292.0,24,17.4,0.4917280368070487,0.13751522350358597,0,0,1,0,0,1,0,1,0,1,0
429,50,80261.0,9747.23,782,16247.0,12,5.08,0.12144416341685252,0.2024270816461295,0,0,0,1,0,0,0,0,1,0,0
429,50,80261.0,9747.23,782,8034.0,36,12.07,0.12144416341685252,0.10009842887579272,0,0,0,1,0,0,0,0,1,0,1
431,40,86157.0,23225.11,797,5903.0,12,5.74,0.26956730155413955,0.06851445616722959,0,0,1,0,0,1,0,0,0,0,0
431,40,86157.0,23225.11,797,10917.0,12,5.56,0.26956730155413955,0.12671054006058707,0,0,1,0,0,1,0,0,0,0,1
431,40,86157.0,23225.11,797,23286.0,12,15.8,0.26956730155413955,0.270274034611233,0,0,1,0,0,1,0,0,1,0,0
432,41,88622.0,24518.89,720,3560.0,12,8.18,0.27666820879691273,0.040170612263320624,0,0,1,0,1,0,0,0,0,0,0
432,41,88622.0,24518.89,720,14433.0,12,6.21,0.27666820879691273,0.1628602378641872,0,0,1,0,1,0,0,0,1,1,0
432,41,88622.0,24518.89,720,18586.0,24,16.15,0.27666820879691273,0.20972219087811153,0,0,1,0,1,0,0,1,0,0,0
433,58,136208.0,31292.78,777,28961.0,12,11.57,0.22974259955362386,0.21262334077293552,0,0,0,0,1,0,0,0,0,0,1
433,58,136208.0,31292.78,777,19619.0,24,11.4,0.22974259955362386,0.14403706096558205,0,0,0,0,1,0,0,0,1,1,0
434,44,130191.0,35379.32,676,27426.0,36,11.38,0.27174935287385454,0.21065972302232874,0,1,0,0,0,1,0,0,0,0,0
434,44,130191.0,35379.32,676,8223.0,12,14.29,0.27174935287385454,0.06316104799870959,0,1,0,0,0,1,0,0,0,0,0
436,54,71070.0,9014.95,630,8940.0,12,12.56,0.12684606725763334,0.12579147319544112,0,0,0,0,0,0,1,1,0,0,1
436,54,71070.0,9014.95,630,14748.0,24,11.4,0.12684606725763334,0.20751371886872097,0,0,0,0,0,0,1,0,0,0,1
437,62,132375.0,58860.01,565,7612.0,24,10.08,0.4446459678942399,0.057503305004721436,0,1,0,1,0,0,0,0,1,1,0
437,62,132375.0,58860.01,565,8123.0,12,6.62,0.4446459678942399,0.061363550519357886,0,1,0,1,0,0,0,1,0,0,0
437,62,132375.0,58860.01,565,11010.0,24,5.71,0.4446459678942399,0.0831728045325779,0,1,0,1,0,0,0,1,0,0,1
438,29,137644.0,92596.59,818,20382.0,12,9.18,0.6727252186800732,0.14807764958879427,0,1,0,1,0,0,0,0,1,0,0
438,29,137644.0,92596.59,818,20710.0,36,17.24,0.6727252186800732,0.15046060852634333,0,1,0,1,0,0,0,0,1,0,1
438,29,137644.0,92596.59,818,14666.0,12,12.75,0.6727252186800732,0.10655023103077504,0,1,0,1,0,0,0,0,0,0,1
439,33,40866.0,16196.44,689,24642.0,24,13.07,0.39633044584740373,0.602995154896491,1,0,0,0,1,0,0,0,0,0,0
439,33,40866.0,16196.44,689,15215.0,24,7.97,0.39633044584740373,0.37231439338325256,0,0,0,0,1,0,0,0,0,1,0
440,58,32582.0,11806.28,753,13165.0,12,10.21,0.36235590203179674,0.40405745503652324,0,1,0,1,0,0,0,0,0,0,0
440,58,32582.0,11806.28,753,9597.0,36,13.35,0.36235590203179674,0.2945491375606163,0,1,0,1,0,0,0,1,0,0,0
441,59,133291.0,14665.89,610,9008.0,12,7.27,0.11002910924218438,0.06758145711263326,0,1,0,0,0,0,1,1,0,1,0
442,47,136524.0,77392.51,698,25183.0,12,15.13,0.566878424306349,0.1844584102428877,0,1,0,1,0,0,0,1,0,0,1
442,47,136524.0,77392.51,698,7770.0,12,5.76,0.566878424306349,0.056913070229410216,0,1,0,1,0,0,0,0,0,0,1
442,47,136524.0,77392.51,698,27724.0,36,8.04,0.566878424306349,0.20307052239899212,1,1,0,1,0,0,0,1,0,1,0
444,49,106936.0,7401.77,586,6914.0,12,5.83,0.0692168212762774,0.06465549487543952,1,1,0,0,0,0,0,0,0,0,0
444,49,106936.0,7401.77,586,7273.0,12,13.92,0.0692168212762774,0.06801264307623252,0,1,0,0,0,0,0,1,0,0,0
445,21,110897.0,14455.8,646,2366.0,12,8.72,0.130353390984427,0.021335112762292937,0,0,0,0,0,1,0,1,0,0,0
445,21,110897.0,14455.8,646,28310.0,36,16.88,0.130353390984427,0.25528192827578744,0,0,0,0,0,1,0,0,0,0,1
445,21,110897.0,14455.8,646,15828.0,24,9.42,0.130353390984427,0.14272703499643813,1,0,0,0,0,1,0,1,0,0,0
446,50,29127.0,9149.12,802,18617.0,36,9.47,0.3141113056614138,0.639166409173619,0,0,1,0,1,0,0,1,0,0,1
447,47,100602.0,13469.39,797,27051.0,36,17.26,0.13388789487286534,0.2688912745273454,0,0,1,0,0,1,0,0,0,0,1
447,47,100602.0,13469.39,797,21652.0,24,15.71,0.13388789487286534,0.21522434941651258,0,0,1,0,0,1,0,0,0,0,1
447,47,100602.0,13469.39,797,10481.0,36,8.72,0.13388789487286534,0.10418281942704917,0,0,1,0,0,1,0,0,0,0,1
448,21,28261.0,6367.58,764,5704.0,24,11.32,0.22531332932309542,0.20183291461731714,0,0,0,0,0,0,0,0,0,0,1
448,21,28261.0,6367.58,764,8207.0,24,6.46,0.22531332932309542,0.2904001981529316,0,0,0,0,0,0,0,1,0,0,0
448,21,28261.0,6367.58,764,3696.0,24,7.65,0.22531332932309542,0.13078093485722372,0,0,0,0,0,0,0,1,0,0,0
449,33,55467.0,14849.58,848,14147.0,36,11.81,0.26771918437990155,0.2550525537707105,0,0,0,1,0,0,0,1,0,0,0
450,49,91901.0,18324.26,630,26200.0,36,6.11,0.19939130150923273,0.28508938966931807,0,0,1,0,0,0,1,1,0,0,0
450,49,91901.0,18324.26,630,16779.0,12,15.34,0.19939130150923273,0.18257690340692703,0,0,1,0,0,0,1,1,0,0,1
450,49,91901.0,18324.26,630,24865.0,12,17.7,0.19939130150923273,0.2705628883254807,0,0,1,0,0,0,1,0,1,0,0
452,46,29532.0,12094.55,744,14735.0,12,10.73,0.40954049844236756,0.49895029120953543,0,0,1,0,0,0,1,0,0,1,0
453,57,73839.0,21578.61,705,11877.0,12,7.74,0.2922386543696421,0.16084995733961727,0,1,0,0,0,0,0,0,1,0,1
453,57,73839.0,21578.61,705,13164.0,24,12.63,0.2922386543696421,0.17827977085280136,0,1,0,0,0,0,0,0,0,0,1
454,55,94052.0,2426.07,811,27667.0,12,6.66,0.025794985752562415,0.29416705652192404,0,0,1,0,0,1,0,0,1,0,0
454,55,94052.0,2426.07,811,3595.0,12,12.49,0.025794985752562415,0.03822353591630162,0,0,1,0,0,1,0,1,0,1,0
454,55,94052.0,2426.07,811,4156.0,36,14.54,0.025794985752562415,0.044188321354144515,0,0,1,0,0,1,0,0,1,0,1
455,54,82705.0,29373.24,677,15693.0,24,14.87,0.3551567619853697,0.18974669004292363,1,0,0,0,1,0,0,0,0,0,1
455,54,82705.0,29373.24,677,8929.0,24,16.46,0.3551567619853697,0.10796203373435705,0,0,0,0,1,0,0,0,0,0,1
457,40,70576.0,9827.67,798,15295.0,12,14.62,0.13924946157333937,0.21671673090002266,0,1,0,0,0,0,0,1,0,0,1
457,40,70576.0,9827.67,798,11257.0,36,17.51,0.13924946157333937,0.15950181364769894,0,1,0,0,0,0,0,0,0,0,1
457,40,70576.0,9827.67,798,15194.0,36,9.06,0.13924946157333937,0.2152856495125822,0,1,0,0,0,0,0,0,0,0,0
458,32,65827.0,24326.49,553,20673.0,12,14.87,0.3695518556215535,0.3140504656144135,0,0,0,0,0,0,1,0,0,1,0
459,38,46138.0,23133.32,709,11408.0,24,11.01,0.5013940786336643,0.2472582253240279,0,1,0,0,0,1,0,1,0,0,0
460,44,115471.0,52807.92,528,12490.0,12,8.7,0.45732625507703234,0.1081656866226152,0,1,0,0,0,0,1,0,1,0,0
462,46,86689.0,478.48,573,28110.0,24,10.55,0.005519500744039036,0.3242625938700412,0,0,0,0,1,0,0,0,0,0,1
462,46,86689.0,478.48,573,6958.0,36,10.99,0.005519500744039036,0.08026393198675726,0,0,0,0,1,0,0,0,0,1,0
462,46,86689.0,478.48,573,22559.0,12,6.27,0.005519500744039036,0.2602290948101835,1,0,0,0,1,0,0,1,0,0,1
463,54,146870.0,101837.54,803,10985.0,12,16.44,0.6933855790835433,0.07479403554163545,0,0,0,0,1,0,0,0,1,1,0
464,36,115428.0,68462.91,702,23330.0,36,14.78,0.593122206050525,0.20211733721454067,0,0,1,0,0,0,0,0,1,0,1
464,36,115428.0,68462.91,702,21457.0,12,6.32,0.593122206050525,0.18589077173649374,1,0,1,0,0,0,0,1,0,0,0
464,36,115428.0,68462.91,702,13978.0,24,6.12,0.593122206050525,0.12109713414422843,0,0,1,0,0,0,0,0,1,0,0
467,24,60316.0,3998.58,575,28497.0,12,12.33,0.06629385237747862,0.47246170170435703,0,1,0,0,0,0,1,0,1,0,0
467,24,60316.0,3998.58,575,25634.0,24,15.89,0.06629385237747862,0.42499502619537105,0,1,0,0,0,0,1,0,1,0,1
468,57,106020.0,70535.96,849,12003.0,24,6.6,0.6653080550839465,0.11321448783248443,0,0,1,0,0,0,0,1,0,0,0
470,36,146916.0,26817.33,839,4474.0,24,6.69,0.18253512211059383,0.030452775735794604,0,0,0,0,0,0,0,1,0,0,0
471,49,137475.0,33821.26,562,24552.0,36,14.2,0.24601753046008368,0.17859247135842882,0,0,1,0,0,0,0,0,1,1,0
471,49,137475.0,33821.26,562,7363.0,24,15.46,0.24601753046008368,0.05355882887797781,0,0,1,0,0,0,0,0,0,0,1
472,45,73199.0,37799.06,772,7361.0,36,6.04,0.5163876555690651,0.10056148308036995,1,0,0,0,0,1,0,0,0,1,0
472,45,73199.0,37799.06,772,11411.0,36,13.81,0.5163876555690651,0.15589010778835777,0,0,0,0,0,1,0,0,1,0,1
472,45,73199.0,37799.06,772,5418.0,36,7.37,0.5163876555690651,0.07401740460935259,0,0,0,0,0,1,0,0,0,0,0
474,47,136342.0,24460.4,521,20033.0,24,8.94,0.17940473221751185,0.14693197987414003,0,0,1,0,0,0,1,0,0,0,0
476,33,115289.0,32025.88,732,5891.0,36,11.64,0.27778782017365056,0.051097676274406055,0,0,0,1,0,0,0,0,1,0,0
476,33,115289.0,32025.88,732,26972.0,36,16.04,0.27778782017365056,0.23395120089514176,0,0,0,1,0,0,0,0,1,0,0
476,33,115289.0,32025.88,732,28145.0,24,15.71,0.27778782017365056,0.24412563210713945,0,0,0,1,0,0,0,0,0,0,1
477,45,120439.0,13699.46,662,2927.0,36,17.24,0.11374604571608864,0.02430275907305773,0,1,0,0,0,0,0,0,0,1,0
478,28,75912.0,24590.46,610,28204.0,24,7.96,0.32393376541258295,0.37153546211402677,0,1,0,1,0,0,0,0,1,0,1
478,28,75912.0,24590.46,610,8766.0,12,6.58,0.32393376541258295,0.11547581410053746,0,1,0,1,0,0,0,0,0,1,0
479,41,73832.0,38270.41,741,12765.0,24,12.23,0.5183444847762488,0.17289251273160688,0,0,1,0,1,0,0,1,0,0,0
481,46,39353.0,2795.86,540,18393.0,12,17.58,0.07104566360887353,0.4673849515920006,0,0,0,0,0,0,1,0,1,1,0
481,46,39353.0,2795.86,540,25469.0,36,12.96,0.07104566360887353,0.6471933524763043,0,0,0,0,0,0,1,0,1,0,1
483,50,95542.0,14629.92,787,23541.0,36,12.34,0.15312553641330515,0.2463942559293295,0,0,1,0,0,0,0,1,0,1,0
484,49,82196.0,14203.2,773,25598.0,12,6.02,0.17279672976787191,0.3114263467808652,0,1,0,0,0,0,1,1,0,0,1
485,57,101668.0,53050.76,593,6558.0,12,9.07,0.5218039107683834,0.06450407207774324,0,0,0,0,1,0,0,0,1,0,0
486,35,105369.0,43328.85,749,7177.0,36,9.89,0.411210602738946,0.06811301236606591,0,1,0,0,0,0,1,0,1,0,1
486,35,105369.0,43328.85,749,21908.0,36,8.37,0.411210602738946,0.20791693951731535,0,1,0,0,0,0,1,1,0,0,1
486,35,105369.0,43328.85,749,15126.0,36,14.4,0.411210602738946,0.1435526578025795,0,1,0,0,0,0,1,0,1,1,0
487,50,78515.0,31491.81,823,9748.0,36,17.39,0.4010929121823856,0.12415462013627969,0,1,0,1,0,0,0,1,0,1,0
488,23,135996.0,81380.0,585,7809.0,12,11.6,0.5983999529397923,0.057420806494308654,0,0,0,0,1,0,0,0,0,1,0
489,36,74175.0,8556.45,540,5064.0,36,14.31,0.11535490394337716,0.06827098078867543,0,0,0,0,1,0,0,0,0,0,0
489,36,74175.0,8556.45,540,7127.0,36,8.61,0.11535490394337716,0.09608358611391979,0,0,0,0,1,0,0,1,0,0,1
490,27,88140.0,50823.12,685,15525.0,12,6.12,0.5766181075561607,0.17614023144996596,1,1,0,1,0,0,0,1,0,1,0
490,27,88140.0,50823.12,685,18381.0,36,9.21,0.5766181075561607,0.20854322668481962,0,1,0,1,0,0,0,0,1,1,0
490,27,88140.0,50823.12,685,5892.0,36,11.43,0.5766181075561607,0.06684819605173588,0,1,0,1,0,0,0,0,1,0,0
491,47,120428.0,21482.85,805,29089.0,24,5.22,0.1783875012455575,0.2415468163550005,0,0,1,0,0,0,1,0,0,0,0
493,64,58808.0,25793.82,765,14623.0,36,13.21,0.43861073323357364,0.24865664535437357,0,0,0,1,0,0,0,1,0,0,0
494,44,58737.0,12053.06,670,25498.0,36,6.7,0.20520387489997785,0.43410456781926215,0,0,1,0,0,0,0,1,0,0,0
494,44,58737.0,12053.06,670,2820.0,36,10.52,0.20520387489997785,0.04801062362735584,0,0,1,0,0,0,0,0,1,0,1
494,44,58737.0,12053.06,670,9484.0,12,17.92,0.20520387489997785,0.1614655157737031,0,0,1,0,0,0,0,0,0,0,1
495,51,123594.0,43062.04,600,8952.0,24,17.23,0.3484152952408693,0.0724307005194427,0,0,0,0,0,0,1,0,1,0,1
496,36,115355.0,26880.87,673,14418.0,12,6.14,0.23302735035325733,0.12498808027393697,0,0,0,0,0,0,1,1,0,0,0
497,45,96929.0,35964.53,842,15179.0,36,15.21,0.37103993644832817,0.15659916021005066,0,0,1,0,1,0,0,0,0,1,0
498,40,107427.0,29285.3,775,12978.0,12,13.73,0.27260651419103205,0.12080761819654277,0,0,1,1,0,0,0,1,0,0,1
498,40,107427.0,29285.3,775,6549.0,12,14.03,0.27260651419103205,0.06096232790639225,0,0,1,1,0,0,0,1,0,1,0
498,40,107427.0,29285.3,775,26413.0,12,6.53,0.27260651419103205,0.24586928798160612,0,0,1,1,0,0,0,1,0,1,0
499,56,30424.0,2587.8,674,11329.0,12,11.4,0.08505784906652643,0.3723704969760715,0,0,1,0,1,0,0,0,1,0,1
500,58,25709.0,9672.44,621,12147.0,12,9.47,0.3762277801548096,0.4724804543156093,1,1,0,0,1,0,0,1,0,1,0
501,25,56643.0,31093.28,755,4682.0,12,10.92,0.5489342019313949,0.08265805130377982,0,0,1,1,0,0,0,0,0,0,0
501,25,56643.0,31093.28,755,17048.0,24,5.06,0.5489342019313949,0.3009727592112,0,0,1,1,0,0,0,0,1,0,0
501,25,56643.0,31093.28,755,27648.0,36,10.17,0.5489342019313949,0.4881097399502145,0,0,1,1,0,0,0,0,1,0,1
502,33,131322.0,32167.6,696,28460.0,24,15.76,0.244952102465695,0.2167192092718661,0,0,1,0,0,1,0,0,1,0,0
502,33,131322.0,32167.6,696,19334.0,12,6.34,0.244952102465695,0.14722590274287628,0,0,1,0,0,1,0,0,1,0,0
502,33,131322.0,32167.6,696,3441.0,24,6.19,0.244952102465695,0.0262027687668479,0,0,1,0,0,1,0,1,0,1,0
503,58,55919.0,27868.76,701,10768.0,36,6.87,0.49837729573132566,0.19256424471109998,0,1,0,0,0,0,1,1,0,1,0
504,43,61752.0,27929.25,599,6681.0,24,7.23,0.4522808977846871,0.10819082782743879,1,0,0,0,0,0,0,0,1,0,0
504,43,61752.0,27929.25,599,11046.0,36,8.94,0.4522808977846871,0.17887679751263116,0,0,0,0,0,0,0,0,1,0,0
505,41,82284.0,10277.68,703,22890.0,24,5.34,0.12490496329784649,0.2781828788099752,0,0,0,0,1,0,0,0,1,0,0
505,41,82284.0,10277.68,703,3264.0,12,15.23,0.12490496329784649,0.03966749307277235,0,0,0,0,1,0,0,1,0,0,0
505,41,82284.0,10277.68,703,27696.0,36,16.33,0.12490496329784649,0.3365903456322007,0,0,0,0,1,0,0,0,0,1,0
506,29,134543.0,62427.93,722,4848.0,24,13.64,0.4639998364835034,0.03603308979285433,0,0,0,0,0,0,1,0,0,0,0
506,29,134543.0,62427.93,722,9389.0,36,13.37,0.4639998364835034,0.06978438120154895,0,0,0,0,0,0,1,0,1,1,0
506,29,134543.0,62427.93,722,24443.0,12,13.5,0.4639998364835034,0.18167426027366715,0,0,0,0,0,0,1,0,1,1,0
507,41,50968.0,18445.83,571,10642.0,36,15.04,0.36191002197457234,0.20879767697378748,0,0,0,0,1,0,0,0,0,1,0
508,34,91383.0,57540.26,720,17583.0,24,9.08,0.6296604401256252,0.19240996684284822,0,0,1,0,0,0,1,0,1,0,0
508,34,91383.0,57540.26,720,25321.0,12,11.83,0.6296604401256252,0.27708654782618214,0,0,1,0,0,0,1,0,0,0,0
508,34,91383.0,57540.26,720,25705.0,12,8.12,0.6296604401256252,0.2812886423076502,0,0,1,0,0,0,1,1,0,0,1
509,36,98414.0,61236.12,844,22688.0,36,8.91,0.6222297640579593,0.23053630581014897,0,1,0,0,0,1,0,0,1,0,0
510,21,133723.0,74367.84,846,7854.0,24,8.39,0.556133499846698,0.05873335177942463,0,0,0,1,0,0,0,0,1,1,0
511,27,64068.0,43242.49,766,3615.0,36,6.92,0.6749467753012424,0.05642442404944746,0,1,0,0,0,1,0,1,0,0,1
511,27,64068.0,43242.49,766,8092.0,12,11.12,0.6749467753012424,0.12630330274083787,1,1,0,0,0,1,0,0,1,1,0
511,27,64068.0,43242.49,766,22271.0,36,14.54,0.6749467753012424,0.347615034026347,0,1,0,0,0,1,0,0,0,0,1
512,54,122642.0,84593.97,791,10879.0,36,12.58,0.6897634578692454,0.08870533748634236,0,0,1,1,0,0,0,1,0,1,0
513,22,62048.0,9192.11,694,19146.0,12,5.38,0.14814514569365653,0.3085675605982465,0,0,0,0,0,1,0,1,0,0,0
513,22,62048.0,9192.11,694,13598.0,36,16.91,0.14814514569365653,0.2191529138731305,1,0,0,0,0,1,0,0,1,0,0
514,31,91078.0,51279.49,738,3544.0,24,6.03,0.5630282834493511,0.03891170205757702,0,1,0,0,1,0,0,0,0,1,0
514,31,91078.0,51279.49,738,25568.0,36,9.44,0.5630282834493511,0.2807264103296076,0,1,0,0,1,0,0,0,1,1,0
515,38,56769.0,2774.46,532,16389.0,36,8.09,0.048872800295936165,0.2886962955133964,0,0,0,0,0,1,0,1,0,0,0
515,38,56769.0,2774.46,532,25810.0,12,7.44,0.048872800295936165,0.45464954464584545,1,0,0,0,0,1,0,0,1,0,0
517,49,70202.0,36136.68,698,11834.0,36,7.87,0.5147528560439874,0.16857069599156718,0,1,0,0,0,0,0,0,0,0,1
517,49,70202.0,36136.68,698,9554.0,12,7.54,0.5147528560439874,0.1360929888037378,0,1,0,0,0,0,0,0,1,0,1
518,35,95695.0,33495.58,833,3467.0,24,6.23,0.3500243481895606,0.03622968807147709,0,0,1,0,1,0,0,0,0,0,1
519,41,57081.0,25513.88,670,7619.0,12,12.56,0.446976752334402,0.13347698884041975,0,1,0,0,0,1,0,1,0,0,1
520,38,141879.0,95312.55,697,26752.0,12,5.3,0.6717875795572283,0.18855503633377738,0,0,0,0,0,0,1,0,1,0,1
520,38,141879.0,95312.55,697,8738.0,24,7.05,0.6717875795572283,0.06158769091972737,0,0,0,0,0,0,1,0,0,0,1
521,32,111068.0,40761.49,779,4948.0,36,6.31,0.36699580437209633,0.04454928512262758,1,1,0,0,1,0,0,0,0,1,0
521,32,111068.0,40761.49,779,2584.0,36,6.08,0.36699580437209633,0.0232650268304102,0,1,0,0,1,0,0,0,0,1,0
522,31,55807.0,16425.82,636,5755.0,36,6.33,0.29433261060440447,0.10312326410665329,0,1,0,1,0,0,0,0,0,1,0
523,37,86828.0,14899.01,773,7926.0,36,11.31,0.17159222831344728,0.09128391763025752,0,1,0,0,0,1,0,1,0,0,1
523,37,86828.0,14899.01,773,3108.0,24,9.46,0.17159222831344728,0.035794904869396967,0,1,0,0,0,1,0,0,1,1,0
524,60,63577.0,28177.34,563,12537.0,12,9.52,0.4432002139138368,0.19719395378831966,0,0,0,0,0,0,0,0,0,0,1
525,53,43664.0,12160.84,815,4628.0,36,13.38,0.27850952729937706,0.10599120556980579,0,0,0,0,1,0,0,0,0,1,0
526,33,143035.0,46507.11,710,18621.0,24,12.81,0.32514496451917363,0.13018491977488028,0,0,0,0,0,1,0,0,1,0,1
526,33,143035.0,46507.11,710,24820.0,12,16.21,0.32514496451917363,0.17352396266648024,0,0,0,0,0,1,0,1,0,1,0
527,44,20463.0,7846.6,773,10341.0,36,11.66,0.3834530616234179,0.5053511215364316,0,0,1,0,0,0,0,0,0,1,0
527,44,20463.0,7846.6,773,2760.0,36,14.86,0.3834530616234179,0.13487758393197477,0,0,1,0,0,0,0,0,1,0,0
528,53,33773.0,872.4,522,11704.0,12,10.64,0.025831285346282533,0.3465490184466882,0,0,1,0,0,0,0,0,1,1,0
529,49,149489.0,90209.98,619,20116.0,12,12.94,0.603455638876439,0.13456508505642556,0,0,1,0,0,0,1,1,0,1,0
529,49,149489.0,90209.98,619,9595.0,36,7.11,0.603455638876439,0.0641853246727184,0,0,1,0,0,0,1,1,0,0,0
530,55,149484.0,39666.37,761,8407.0,36,11.89,0.26535528886034626,0.056240132723234595,0,1,0,0,1,0,0,1,0,0,0
530,55,149484.0,39666.37,761,17828.0,36,8.31,0.26535528886034626,0.11926360011773836,0,1,0,0,1,0,0,0,1,0,1
532,52,111422.0,20892.77,682,21734.0,36,8.74,0.18751027624706074,0.19506022150024233,0,0,0,0,0,0,0,1,0,0,1
533,50,41301.0,294.39,591,9669.0,24,15.88,0.007127914578339507,0.23411055422386867,0,0,0,0,1,0,0,1,0,0,1
533,50,41301.0,294.39,591,12879.0,12,16.9,0.007127914578339507,0.3118326432774025,0,0,0,0,1,0,0,0,1,1,0
533,50,41301.0,294.39,591,25493.0,24,15.88,0.007127914578339507,0.6172489770223482,0,0,0,0,1,0,0,0,0,1,0
534,39,92398.0,62152.98,639,9759.0,12,9.69,0.6726658585683674,0.10561916924608758,1,0,1,0,0,1,0,0,0,0,1
535,21,61275.0,5960.37,535,7444.0,36,13.14,0.09727246022031824,0.12148510811913504,0,0,1,0,0,1,0,0,0,0,1
536,34,101551.0,41889.42,546,23137.0,12,17.66,0.4124963811286939,0.22783625961339624,0,0,1,0,0,1,0,0,0,1,0
538,43,103260.0,8930.75,734,13396.0,36,16.09,0.08648799147782298,0.12973077668022467,0,0,0,0,1,0,0,0,0,1,0
539,56,86281.0,33518.39,737,27219.0,24,12.92,0.3884793871188326,0.31546922265620475,0,1,0,1,0,0,0,0,0,1,0
539,56,86281.0,33518.39,737,14249.0,36,17.34,0.3884793871188326,0.1651464401200728,0,1,0,1,0,0,0,0,1,0,0
539,56,86281.0,33518.39,737,5829.0,12,7.42,0.3884793871188326,0.06755832686222923,0,1,0,1,0,0,0,1,0,0,1
540,49,44715.0,9828.8,629,27419.0,24,17.81,0.21980990718998097,0.6131946774013195,0,1,0,0,0,1,0,0,1,0,0
540,49,44715.0,9828.8,629,29981.0,12,16.8,0.21980990718998097,0.670490886727049,0,1,0,0,0,1,0,0,1,1,0
540,49,44715.0,9828.8,629,14558.0,24,14.66,0.21980990718998097,0.3255730739125573,0,1,0,0,0,1,0,0,1,1,0
542,35,98919.0,44257.21,647,28871.0,36,17.09,0.4474085868235627,0.2918650613127913,0,1,0,0,0,1,0,1,0,1,0
542,35,98919.0,44257.21,647,15922.0,24,6.19,0.4474085868235627,0.1609599773552098,0,1,0,0,0,1,0,0,0,1,0
544,21,140803.0,25666.22,761,20969.0,12,7.95,0.1822846104131304,0.1489243837134152,0,0,1,0,1,0,0,0,0,0,1
544,21,140803.0,25666.22,761,4938.0,12,11.7,0.1822846104131304,0.03507027549128925,0,0,1,0,1,0,0,0,1,1,0
545,25,40849.0,10669.49,586,2504.0,36,7.95,0.2611934196675561,0.0612989302063698,0,0,0,0,0,0,1,0,1,0,0
545,25,40849.0,10669.49,586,2176.0,12,7.74,0.2611934196675561,0.05326935787901785,0,0,0,0,0,0,1,0,1,1,0
545,25,40849.0,10669.49,586,21629.0,36,12.42,0.2611934196675561,0.5294866459399251,0,0,0,0,0,0,1,1,0,0,0
546,26,38709.0,23698.74,769,3459.0,12,7.72,0.61222816399287,0.08935906378361622,0,0,0,1,0,0,0,1,0,0,0
548,54,147247.0,28240.42,697,8145.0,36,10.16,0.19178944222972283,0.0553152186462203,0,1,0,0,0,0,1,0,0,0,1
548,54,147247.0,28240.42,697,27734.0,24,10.92,0.19178944222972283,0.1883501871005861,0,1,0,0,0,0,1,1,0,0,0
549,64,113134.0,7904.6,810,28420.0,12,12.14,0.06986935845987943,0.25120653384482117,0,0,0,0,1,0,0,0,0,0,0
549,64,113134.0,7904.6,810,22821.0,24,11.38,0.06986935845987943,0.201716548517687,0,0,0,0,1,0,0,0,1,0,0
549,64,113134.0,7904.6,810,12886.0,24,14.41,0.06986935845987943,0.11390033058143441,1,0,0,0,1,0,0,1,0,1,0
551,27,28354.0,324.99,620,19750.0,36,5.24,0.011461874867743528,0.6965507512167596,0,0,1,0,0,0,1,0,0,1,0
551,27,28354.0,324.99,620,22766.0,12,6.48,0.011461874867743528,0.8029202228962404,0,0,1,0,0,0,1,1,0,0,1
551,27,28354.0,324.99,620,2676.0,24,15.06,0.011461874867743528,0.09437821824081258,1,0,1,0,0,0,1,1,0,0,0
552,26,139451.0,1469.62,820,15949.0,24,7.43,0.010538612128991544,0.11436992205147328,0,1,0,0,1,0,0,0,1,0,1
552,26,139451.0,1469.62,820,2580.0,36,10.45,0.010538612128991544,0.018501122257997434,0,1,0,0,1,0,0,0,1,1,0
552,26,139451.0,1469.62,820,7335.0,12,8.24,0.010538612128991544,0.052599120838143866,0,1,0,0,1,0,0,0,0,0,1
553,65,37373.0,1779.32,698,11305.0,12,13.52,0.047609771760361755,0.302491103202847,0,0,0,1,0,0,0,0,0,1,0
553,65,37373.0,1779.32,698,13464.0,24,7.0,0.047609771760361755,0.3602600808069997,0,0,0,1,0,0,0,0,0,0,0
553,65,37373.0,1779.32,698,15688.0,12,11.64,0.047609771760361755,0.4197682819147513,0,0,0,1,0,0,0,1,0,0,1
554,21,143293.0,49616.09,651,8820.0,24,11.77,0.34625620232670123,0.0615522042249098,0,0,0,0,1,0,0,0,0,0,1
554,21,143293.0,49616.09,651,14920.0,12,12.39,0.34625620232670123,0.10412232279315807,0,0,0,0,1,0,0,1,0,1,0
554,21,143293.0,49616.09,651,17006.0,36,5.32,0.34625620232670123,0.11867990760190658,0,0,0,0,1,0,0,0,0,0,1
555,48,79244.0,5139.07,604,16841.0,12,10.38,0.0648512190197365,0.21252082176568574,0,1,0,0,0,0,1,0,1,0,1
555,48,79244.0,5139.07,604,6973.0,12,9.54,0.0648512190197365,0.0879940437130887,0,1,0,0,0,0,1,0,0,1,0
555,48,79244.0,5139.07,604,15585.0,12,14.09,0.0648512190197365,0.19667104134066932,0,1,0,0,0,0,1,0,0,0,0
558,62,72154.0,28215.27,821,8344.0,36,8.03,0.3910423538542562,0.11564154447431882,0,0,1,0,0,0,0,0,1,0,1
559,40,47243.0,28504.58,782,4319.0,36,5.02,0.6033609211946743,0.09142095125203734,0,0,1,0,0,0,1,0,1,0,0
559,40,47243.0,28504.58,782,6355.0,24,8.95,0.6033609211946743,0.13451728298372245,0,0,1,0,0,0,1,0,1,0,1
560,50,109980.0,34678.62,582,12153.0,36,14.33,0.31531751227495913,0.11050190943807965,0,0,0,0,0,0,0,0,0,1,0
560,50,109980.0,34678.62,582,28179.0,12,14.53,0.31531751227495913,0.2562193126022913,0,0,0,0,0,0,0,0,0,0,0
561,47,50932.0,18114.42,572,11951.0,12,6.24,0.3556589177727165,0.23464619492656877,0,0,0,0,1,0,0,0,1,0,1
561,47,50932.0,18114.42,572,18105.0,12,9.51,0.3556589177727165,0.3554739652870494,0,0,0,0,1,0,0,0,1,1,0
561,47,50932.0,18114.42,572,2118.0,24,11.71,0.3556589177727165,0.04158485824236237,0,0,0,0,1,0,0,1,0,1,0
562,61,34016.0,11626.48,522,3543.0,12,15.3,0.3417944496707432,0.1041568673565381,1,1,0,0,0,1,0,1,0,0,0
563,30,106279.0,39473.37,825,10182.0,24,12.03,0.37141269676982286,0.09580443925893167,0,0,1,1,0,0,0,0,0,1,0
563,30,106279.0,39473.37,825,27953.0,36,5.11,0.37141269676982286,0.26301527112599854,1,0,1,1,0,0,0,1,0,0,1
564,48,138943.0,90476.13,605,6484.0,24,8.33,0.6511744384387843,0.046666618685360185,0,0,0,0,0,0,0,0,1,1,0
565,48,128499.0,25712.6,808,21258.0,36,8.49,0.2000996116701297,0.1654331940326384,0,0,1,1,0,0,0,1,0,1,0
565,48,128499.0,25712.6,808,3038.0,36,10.26,0.2000996116701297,0.023642207332352783,0,0,1,1,0,0,0,1,0,0,0
566,48,145078.0,10663.98,707,7353.0,24,16.56,0.07350514895435559,0.05068308082548698,0,0,1,1,0,0,0,1,0,0,0
566,48,145078.0,10663.98,707,8496.0,24,10.48,0.07350514895435559,0.05856160134548312,0,0,1,1,0,0,0,1,0,1,0
567,57,145896.0,22365.72,594,13983.0,24,11.55,0.15329906234578056,0.09584224379009705,0,1,0,0,1,0,0,1,0,0,0
568,56,81995.0,5783.38,626,7098.0,36,12.27,0.07053332520275626,0.08656625403988048,0,0,0,0,1,0,0,0,1,0,1
568,56,81995.0,5783.38,626,3804.0,12,13.9,0.07053332520275626,0.046393072748338315,0,0,0,0,1,0,0,0,1,0,1
568,56,81995.0,5783.38,626,4199.0,12,14.78,0.07053332520275626,0.05121043966095493,0,0,0,0,1,0,0,1,0,0,0
569,37,138478.0,20540.11,815,29718.0,12,5.11,0.14832760438481205,0.21460448591111947,0,0,0,0,1,0,0,0,0,0,1
569,37,138478.0,20540.11,815,20641.0,36,12.07,0.14832760438481205,0.14905616776672106,0,0,0,0,1,0,0,1,0,0,0
569,37,138478.0,20540.11,815,9148.0,12,7.38,0.14832760438481205,0.06606103496584295,0,0,0,0,1,0,0,0,0,0,1
570,53,137515.0,62190.95,648,26423.0,24,16.41,0.4522484819837836,0.1921463113114933,0,0,1,0,0,0,1,0,0,0,1
570,53,137515.0,62190.95,648,4755.0,36,10.27,0.4522484819837836,0.034578046031342034,0,0,1,0,0,0,1,1,0,0,1
570,53,137515.0,62190.95,648,15709.0,24,11.33,0.4522484819837836,0.11423481074791841,0,0,1,0,0,0,1,1,0,0,1
571,60,126766.0,27525.05,531,6835.0,36,12.06,0.2171327485287853,0.05391824306201978,1,0,0,0,0,1,0,1,0,0,1
571,60,126766.0,27525.05,531,21035.0,36,9.73,0.2171327485287853,0.16593566098165125,0,0,0,0,0,1,0,1,0,1,0
571,60,126766.0,27525.05,531,10222.0,36,17.46,0.2171327485287853,0.0806367638010192,0,0,0,0,0,1,0,1,0,0,1
572,22,45561.0,11637.02,625,13037.0,12,15.7,0.25541625513048444,0.2861438511007221,0,0,1,0,1,0,0,0,1,0,0
572,22,45561.0,11637.02,625,4458.0,24,6.02,0.25541625513048444,0.09784684269440969,1,0,1,0,1,0,0,1,0,0,0
573,52,140086.0,86231.75,689,4516.0,36,7.05,0.615562939908342,0.032237339919763575,0,0,0,0,0,1,0,1,0,0,1
573,52,140086.0,86231.75,689,3535.0,36,10.47,0.615562939908342,0.025234498807875164,0,0,0,0,0,1,0,0,0,0,1
574,32,137587.0,37483.59,786,5549.0,12,13.4,0.27243554987026386,0.0403308452106667,1,0,0,0,0,1,0,0,0,1,0
575,64,66073.0,27634.04,570,4678.0,24,5.98,0.41823498251933466,0.07080047825889546,0,0,1,0,0,1,0,0,1,0,1
575,64,66073.0,27634.04,570,2658.0,24,11.81,0.41823498251933466,0.04022823240960755,0,0,1,0,0,1,0,0,1,0,0
576,27,111646.0,39448.26,682,15593.0,36,11.72,0.3533333930458772,0.13966465435394013,0,0,0,0,0,0,1,0,1,0,0
576,27,111646.0,39448.26,682,23557.0,36,8.34,0.3533333930458772,0.21099725919423892,0,0,0,0,0,0,1,0,0,0,1
577,61,55250.0,9481.48,562,8102.0,12,8.84,0.17161049773755654,0.14664253393665158,0,0,1,0,0,0,1,1,0,0,1
578,62,79323.0,6443.82,749,19426.0,24,7.65,0.08123520290458,0.24489744462514024,0,0,1,0,0,0,0,0,1,0,1
579,47,117119.0,69017.76,624,7138.0,12,14.01,0.5892960151640638,0.06094655862840359,1,0,0,0,0,1,0,1,0,1,0
579,47,117119.0,69017.76,624,7250.0,12,16.41,0.5892960151640638,0.06190285094647324,0,0,0,0,0,1,0,0,0,0,1
580,45,86332.0,39560.54,634,19753.0,12,10.93,0.4582372700736691,0.228802761432609,0,0,1,1,0,0,0,0,0,0,0
581,46,120230.0,83957.96,785,4646.0,24,7.88,0.6983112367961408,0.03864260168011312,0,1,0,1,0,0,0,1,0,0,1
581,46,120230.0,83957.96,785,2826.0,24,13.31,0.6983112367961408,0.023504948848041253,0,1,0,1,0,0,0,1,0,0,0
581,46,120230.0,83957.96,785,4902.0,12,8.09,0.6983112367961408,0.04077185394660235,0,1,0,1,0,0,0,0,0,0,0
582,53,65007.0,28698.63,612,24397.0,36,10.5,0.4414698417093544,0.3752980448259418,0,0,0,1,0,0,0,0,0,0,1
583,52,148773.0,291.88,795,4486.0,24,13.7,0.0019619151324501084,0.030153320831064777,0,0,0,0,0,1,0,0,1,1,0
583,52,148773.0,291.88,795,13622.0,24,8.64,0.0019619151324501084,0.091562313054116,0,0,0,0,0,1,0,0,0,1,0
583,52,148773.0,291.88,795,6004.0,24,9.38,0.0019619151324501084,0.04035678516935197,0,0,0,0,0,1,0,0,1,1,0
584,31,76396.0,36373.88,650,3389.0,12,14.35,0.47612283365621233,0.044360961306874704,0,0,0,0,0,1,0,1,0,0,0
585,46,22054.0,15080.92,676,3572.0,36,13.35,0.6838179015144645,0.16196608325020403,0,0,1,0,0,0,1,1,0,0,1
585,46,22054.0,15080.92,676,3498.0,36,7.5,0.6838179015144645,0.15861068286932076,0,0,1,0,0,0,1,0,1,0,0
586,50,63556.0,6389.64,539,18376.0,12,11.11,0.10053559066020518,0.28913084523884447,0,0,0,0,0,0,1,1,0,0,0
586,50,63556.0,6389.64,539,29085.0,36,13.53,0.10053559066020518,0.4576279186858833,0,0,0,0,0,0,1,0,0,0,1
586,50,63556.0,6389.64,539,22964.0,36,16.26,0.10053559066020518,0.3613191516143244,0,0,0,0,0,0,1,0,0,0,1
587,37,87069.0,32774.16,593,24406.0,24,14.91,0.37641594597388284,0.2803064236410203,0,1,0,1,0,0,0,0,1,1,0
587,37,87069.0,32774.16,593,27652.0,12,9.54,0.37641594597388284,0.317587200955564,0,1,0,1,0,0,0,0,0,0,1
589,33,28144.0,9215.15,632,15804.0,24,6.05,0.3274285815804434,0.5615406480955089,1,0,0,1,0,0,0,0,1,0,1
590,64,133597.0,61753.61,611,24760.0,12,5.11,0.46223799935627297,0.1853335029978218,0,0,0,0,0,0,0,0,0,1,0
590,64,133597.0,61753.61,611,8781.0,36,12.52,0.46223799935627297,0.06572752382164271,0,0,0,0,0,0,0,1,0,0,0
590,64,133597.0,61753.61,611,25679.0,36,7.06,0.46223799935627297,0.19221239997904144,0,0,0,0,0,0,0,0,0,0,1
591,40,36459.0,3749.28,833,20804.0,36,16.0,0.10283551386488933,0.570613565923366,1,0,1,0,0,0,0,0,1,0,0
591,40,36459.0,3749.28,833,15488.0,12,9.24,0.10283551386488933,0.4248059464055514,0,0,1,0,0,0,0,1,0,0,1
591,40,36459.0,3749.28,833,28777.0,24,6.21,0.10283551386488933,0.789297567130201,0,0,1,0,0,0,0,0,1,0,1
592,27,45813.0,10306.17,756,10486.0,36,9.87,0.22496169209612993,0.22888699714054964,0,0,1,0,0,1,0,0,0,0,1
592,27,45813.0,10306.17,756,18937.0,36,8.68,0.22496169209612993,0.41335428808416824,0,0,1,0,0,1,0,0,0,1,0
592,27,45813.0,10306.17,756,20854.0,24,11.28,0.22496169209612993,0.45519830615764084,0,0,1,0,0,1,0,0,1,0,0
593,50,137134.0,3302.67,712,25114.0,24,5.19,0.024083524144267652,0.18313474411889102,0,0,0,0,0,1,0,0,1,1,0
593,50,137134.0,3302.67,712,3660.0,24,17.96,0.024083524144267652,0.026689223679029272,0,0,0,0,0,1,0,1,0,0,1
593,50,137134.0,3302.67,712,24467.0,12,5.79,0.024083524144267652,0.17841673108054895,0,0,0,0,0,1,0,0,0,0,0
594,41,85836.0,33375.62,802,12405.0,36,16.79,0.3888300945990028,0.14451978190968826,0,1,0,0,0,0,1,0,1,1,0
594,41,85836.0,33375.62,802,4274.0,24,7.97,0.3888300945990028,0.0497926278018547,0,1,0,0,0,0,1,1,0,1,0
594,41,85836.0,33375.62,802,2989.0,24,9.42,0.3888300945990028,0.03482221911552263,1,1,0,0,0,0,1,0,0,1,0
595,48,42688.0,12135.82,636,21250.0,24,5.68,0.2842911356821589,0.497797976011994,0,0,0,0,0,0,0,1,0,0,1
595,48,42688.0,12135.82,636,18875.0,24,7.25,0.2842911356821589,0.44216173163418293,0,0,0,0,0,0,0,1,0,1,0
597,51,121293.0,25690.41,561,2580.0,24,8.73,0.211804555910069,0.021270807053993222,0,1,0,0,0,1,0,0,0,0,0
597,51,121293.0,25690.41,561,15031.0,12,12.94,0.211804555910069,0.12392306233665587,0,1,0,0,0,1,0,1,0,0,0
598,56,66151.0,7943.04,818,3582.0,12,11.01,0.1200743752928905,0.05414884128735771,0,0,0,0,0,1,0,1,0,0,1
599,49,49874.0,34427.04,790,2509.0,12,16.25,0.6902803063720576,0.050306773068131694,0,0,1,0,0,1,0,0,1,0,1
599,49,49874.0,34427.04,790,13758.0,24,7.97,0.6902803063720576,0.2758551549905763,0,0,1,0,0,1,0,0,1,0,1
599,49,49874.0,34427.04,790,16425.0,12,9.26,0.6902803063720576,0.3293299113766692,0,0,1,0,0,1,0,0,1,0,1
600,24,71173.0,28831.93,542,13227.0,36,14.49,0.4050964551164065,0.1858429460610063,0,0,0,0,0,1,0,0,0,0,1
601,61,34914.0,17004.29,812,5393.0,24,9.94,0.48703356819613913,0.15446525748983217,0,1,0,0,1,0,0,1,0,0,0
601,61,34914.0,17004.29,812,15150.0,12,8.67,0.48703356819613913,0.43392335452826947,0,1,0,0,1,0,0,0,1,0,0
603,64,127139.0,28989.67,635,8510.0,24,12.99,0.22801555777534824,0.06693461487033876,0,0,0,0,0,0,0,0,1,0,0
604,61,102788.0,59003.64,762,29331.0,12,16.27,0.5740323773203098,0.28535432151613027,0,0,1,0,0,0,1,0,1,0,0
605,47,128219.0,10516.06,710,8996.0,24,8.38,0.082016393826188,0.07016120855723411,0,1,0,0,0,0,1,1,0,0,1
605,47,128219.0,10516.06,710,5771.0,24,16.92,0.082016393826188,0.04500893003377034,0,1,0,0,0,0,1,1,0,0,0
605,47,128219.0,10516.06,710,25247.0,36,15.69,0.082016393826188,0.19690529484709754,0,1,0,0,0,0,1,0,1,0,0
606,39,47551.0,12421.08,606,29910.0,24,13.15,0.26121595760341526,0.6290088536518685,0,0,1,0,0,0,1,0,0,0,0
607,38,92043.0,1226.1,616,9759.0,12,14.34,0.013320947817867735,0.10602653107786578,1,0,1,0,0,0,0,0,1,0,0
607,38,92043.0,1226.1,616,8297.0,24,15.5,0.013320947817867735,0.09014265071759939,0,0,1,0,0,0,0,1,0,0,1
607,38,92043.0,1226.1,616,8194.0,12,5.23,0.013320947817867735,0.08902360853079538,0,0,1,0,0,0,0,0,1,1,0
609,45,27255.0,16716.99,749,8454.0,12,6.95,0.6133549807374794,0.3101816180517336,0,1,0,1,0,0,0,0,1,0,1
610,25,46287.0,4863.34,756,8480.0,12,5.85,0.10506924190377429,0.1832047875213343,0,0,1,0,1,0,0,0,0,0,1
610,25,46287.0,4863.34,756,20715.0,12,6.49,0.10506924190377429,0.44753386480005186,0,0,1,0,1,0,0,0,0,1,0
610,25,46287.0,4863.34,756,11470.0,36,6.85,0.10506924190377429,0.2478017585931255,0,0,1,0,1,0,0,0,0,0,1
611,51,46113.0,21305.12,772,19901.0,12,16.66,0.46201982087480753,0.4315702730249604,0,1,0,0,0,0,1,0,1,1,0
611,51,46113.0,21305.12,772,12426.0,36,17.47,0.46201982087480753,0.2694684796044499,0,1,0,0,0,0,1,1,0,0,1
611,51,46113.0,21305.12,772,26961.0,36,16.77,0.46201982087480753,0.584672435105068,0,1,0,0,0,0,1,0,1,0,1
612,63,115734.0,10213.35,724,28213.0,24,7.8,0.08824848359168438,0.243774517427895,0,1,0,1,0,0,0,0,1,1,0
613,65,58552.0,37730.66,795,13283.0,36,16.19,0.6443957507856265,0.22685817734663205,0,0,1,0,0,0,0,0,1,1,0
613,65,58552.0,37730.66,795,6411.0,36,5.1,0.6443957507856265,0.1094924169968575,0,0,1,0,0,0,0,0,0,0,0
613,65,58552.0,37730.66,795,6256.0,36,13.23,0.6443957507856265,0.10684519743134308,0,0,1,0,0,0,0,1,0,0,0
614,57,44188.0,5041.09,597,5082.0,12,5.62,0.11408278265592468,0.11500859961980628,0,0,1,0,0,1,0,1,0,1,0
615,22,125140.0,72812.56,638,20069.0,24,9.66,0.5818488093335464,0.16037238293111714,1,1,0,1,0,0,0,1,0,0,1
615,22,125140.0,72812.56,638,15980.0,36,13.01,0.5818488093335464,0.12769697938309094,0,1,0,1,0,0,0,0,0,0,0
617,63,110971.0,37426.72,635,9358.0,12,6.96,0.3372657721386669,0.08432833803426121,0,0,1,0,0,0,0,0,1,1,0
617,63,110971.0,37426.72,635,7217.0,24,16.62,0.3372657721386669,0.06503500914653378,0,0,1,0,0,0,0,0,0,0,1
617,63,110971.0,37426.72,635,21592.0,24,12.03,0.3372657721386669,0.194573357003181,0,0,1,0,0,0,0,0,0,1,0
618,65,20291.0,3637.42,738,7401.0,12,14.15,0.17926272731752993,0.3647429895027352,0,1,0,0,1,0,0,0,1,1,0
618,65,20291.0,3637.42,738,17795.0,36,16.95,0.17926272731752993,0.8769897984328027,0,1,0,0,1,0,0,1,0,0,1
618,65,20291.0,3637.42,738,10393.0,12,7.85,0.17926272731752993,0.5121975259967473,0,1,0,0,1,0,0,1,0,0,1
619,34,73286.0,19015.65,728,12249.0,12,5.41,0.25947179543159676,0.16713969926043173,0,0,0,0,0,0,0,0,1,1,0
619,34,73286.0,19015.65,728,4321.0,36,16.96,0.25947179543159676,0.05896078377862075,0,0,0,0,0,0,0,1,0,1,0
619,34,73286.0,19015.65,728,25439.0,36,15.28,0.25947179543159676,0.3471195044073902,1,0,0,0,0,0,0,0,1,1,0
620,65,140633.0,24996.25,720,2262.0,12,10.78,0.17774099962313256,0.01608441830864733,0,0,1,1,0,0,0,0,0,0,1
621,65,60553.0,8067.79,804,5989.0,36,15.46,0.13323518240219312,0.09890509140752729,0,0,0,0,0,1,0,0,1,0,0
622,31,44513.0,27711.98,647,4433.0,36,16.38,0.6225592523532452,0.09958888414620448,1,1,0,0,0,0,1,1,0,0,0
623,26,82101.0,18568.88,520,2250.0,24,5.27,0.22617117940098172,0.027405269119742757,0,0,0,0,0,1,0,1,0,0,0
623,26,82101.0,18568.88,520,22213.0,12,15.64,0.22617117940098172,0.27055699686970924,0,0,0,0,0,1,0,0,1,0,0
623,26,82101.0,18568.88,520,19685.0,36,16.39,0.22617117940098172,0.23976565449872717,0,0,0,0,0,1,0,1,0,0,1
624,43,78324.0,45186.36,819,18872.0,12,10.87,0.5769158878504673,0.2409478576170778,0,0,1,0,0,0,0,0,0,0,0
624,43,78324.0,45186.36,819,9377.0,12,14.58,0.5769158878504673,0.11972064756651857,1,0,1,0,0,0,0,1,0,0,0
625,47,126517.0,54039.93,604,12362.0,36,9.9,0.4271357208912636,0.09771018914454184,0,1,0,1,0,0,0,1,0,0,0
626,56,51412.0,10355.78,617,15881.0,24,8.54,0.20142729323893255,0.30889675562125574,0,1,0,0,0,0,0,1,0,1,0
626,56,51412.0,10355.78,617,25022.0,24,14.94,0.20142729323893255,0.4866957130630981,0,1,0,0,0,0,0,0,0,0,1
627,36,42736.0,27783.84,773,4333.0,24,15.28,0.6501272931486335,0.1013899288655934,0,0,1,1,0,0,0,0,1,1,0
628,61,65960.0,23752.21,643,25067.0,36,11.12,0.3601002122498484,0.3800333535476046,0,0,1,0,0,1,0,1,0,0,1
628,61,65960.0,23752.21,643,18930.0,36,13.87,0.3601002122498484,0.2869921164342025,0,0,1,0,0,1,0,0,1,0,0
630,35,47397.0,29527.33,784,16552.0,36,15.85,0.6229788805198642,0.3492204147941853,0,0,1,0,1,0,0,0,1,0,0
631,29,131015.0,77297.19,684,27888.0,24,9.34,0.5899873296950731,0.21286112277220165,0,0,0,0,0,1,0,0,0,0,0
631,29,131015.0,77297.19,684,17267.0,36,6.13,0.5899873296950731,0.13179406938136853,0,0,0,0,0,1,0,1,0,1,0
632,23,129016.0,80276.03,786,26777.0,36,9.74,0.6222176319216222,0.20754790103553047,0,1,0,0,0,0,0,1,0,0,0
632,23,129016.0,80276.03,786,2199.0,36,9.14,0.6222176319216222,0.017044397594096858,1,1,0,0,0,0,0,0,1,1,0
633,29,125497.0,50180.94,536,2255.0,36,9.38,0.3998576858410958,0.017968557017299217,0,0,0,1,0,0,0,1,0,1,0
634,35,78333.0,5422.77,581,20322.0,12,9.15,0.0692271456474283,0.2594308911952817,0,1,0,0,0,0,0,0,0,0,0
634,35,78333.0,5422.77,581,10360.0,36,16.43,0.0692271456474283,0.13225588193992316,0,1,0,0,0,0,0,1,0,0,1
634,35,78333.0,5422.77,581,6587.0,24,13.38,0.0692271456474283,0.0840897195307214,0,1,0,0,0,0,0,0,1,1,0
635,25,92829.0,51390.61,658,4924.0,24,15.83,0.5536051233989379,0.05304376864988312,0,1,0,0,0,0,1,0,1,0,1
636,24,35850.0,3516.24,794,6876.0,12,12.91,0.09808200836820083,0.19179916317991633,0,0,0,0,0,1,0,1,0,0,0
637,45,80083.0,38759.18,627,17181.0,12,9.39,0.4839876128516664,0.21453991483835522,0,1,0,0,0,0,0,0,0,0,0
637,45,80083.0,38759.18,627,3815.0,12,7.99,0.4839876128516664,0.047638075496672205,0,1,0,0,0,0,0,1,0,0,1
637,45,80083.0,38759.18,627,2243.0,24,16.22,0.4839876128516664,0.028008441242211204,1,1,0,0,0,0,0,0,0,0,1
639,47,53291.0,15176.53,823,22816.0,12,12.72,0.2847859863766865,0.4281398359948209,0,0,0,0,0,0,0,0,1,0,0
639,47,53291.0,15176.53,823,4844.0,36,16.11,0.2847859863766865,0.09089714961250493,0,0,0,0,0,0,0,0,0,1,0
639,47,53291.0,15176.53,823,27028.0,12,9.23,0.2847859863766865,0.5071775721979321,0,0,0,0,0,0,0,0,1,1,0
640,54,51579.0,22807.08,693,24382.0,36,12.56,0.4421776304309894,0.4727117625390178,0,0,1,0,0,1,0,0,1,0,1
640,54,51579.0,22807.08,693,25900.0,36,12.34,0.4421776304309894,0.5021423447527095,0,0,1,0,0,1,0,0,0,0,1
642,42,63793.0,22500.99,777,5454.0,36,9.34,0.3527187935980437,0.08549527377611964,0,0,1,0,0,0,1,0,0,0,0
642,42,63793.0,22500.99,777,29498.0,24,17.99,0.3527187935980437,0.46240183092188797,0,0,1,0,0,0,1,1,0,1,0
643,51,144730.0,39306.86,689,17132.0,36,8.81,0.2715875077730947,0.11837214122849443,0,0,1,1,0,0,0,0,0,1,0
643,51,144730.0,39306.86,689,20122.0,36,14.56,0.2715875077730947,0.13903129966143854,0,0,1,1,0,0,0,1,0,1,0
644,49,129658.0,47254.97,535,28223.0,36,6.33,0.3644585756374462,0.2176726465007944,0,1,0,0,0,0,1,0,0,0,0
644,49,129658.0,47254.97,535,14125.0,12,10.4,0.3644585756374462,0.10894044332011908,0,1,0,0,0,0,1,0,0,0,1
644,49,129658.0,47254.97,535,12947.0,36,7.02,0.3644585756374462,0.09985500316216508,0,1,0,0,0,0,1,0,1,0,1
645,32,102223.0,22097.64,729,16931.0,36,10.87,0.21617092043864883,0.16562808761237685,0,0,0,0,0,1,0,1,0,1,0
645,32,102223.0,22097.64,729,13164.0,36,8.49,0.21617092043864883,0.12877728104242686,0,0,0,0,0,1,0,0,0,1,0
647,38,106992.0,20867.37,810,22277.0,36,12.09,0.1950367317182593,0.20821182892178855,0,0,0,0,0,0,1,1,0,0,1
647,38,106992.0,20867.37,810,27260.0,36,6.11,0.1950367317182593,0.2547854045162255,0,0,0,0,0,0,1,0,0,0,1
648,42,91387.0,49877.98,784,4674.0,12,9.68,0.5457885694901901,0.05114513005132021,0,0,0,0,0,0,1,1,0,0,1
648,42,91387.0,49877.98,784,7789.0,12,16.5,0.5457885694901901,0.08523094094346023,0,0,0,0,0,0,1,0,0,1,0
649,33,139206.0,62815.66,807,6343.0,12,14.03,0.4512424751806675,0.04556556470267086,0,0,0,1,0,0,0,0,0,0,1
649,33,139206.0,62815.66,807,17782.0,24,13.68,0.4512424751806675,0.1277387468930937,0,0,0,1,0,0,0,0,0,0,0
650,23,115075.0,13278.38,552,24923.0,36,6.79,0.11538892026938952,0.21658049098414078,0,0,1,0,1,0,0,0,1,1,0
652,51,36391.0,4236.99,786,12952.0,36,11.15,0.11642961171718282,0.35591217608749415,0,0,1,0,0,1,0,0,1,0,0
652,51,36391.0,4236.99,786,7593.0,36,12.87,0.11642961171718282,0.20865049050589432,0,0,1,0,0,1,0,1,0,0,0
652,51,36391.0,4236.99,786,6816.0,24,10.32,0.11642961171718282,0.1872990574592619,0,0,1,0,0,1,0,0,0,0,1
653,44,42312.0,9137.5,688,2505.0,24,10.66,0.21595528455284552,0.05920306296086217,0,1,0,1,0,0,0,0,1,0,1
653,44,42312.0,9137.5,688,10636.0,24,8.55,0.21595528455284552,0.2513707695216487,0,1,0,1,0,0,0,0,1,0,0
654,64,92105.0,37549.12,717,27077.0,36,12.2,0.4076773247923566,0.29397969708484883,0,1,0,0,1,0,0,1,0,1,0
654,64,92105.0,37549.12,717,13177.0,36,5.34,0.4076773247923566,0.14306498018565766,0,1,0,0,1,0,0,0,1,0,1
654,64,92105.0,37549.12,717,24514.0,24,12.96,0.4076773247923566,0.2661527604364584,0,1,0,0,1,0,0,0,0,1,0
655,37,75390.0,43996.87,779,4962.0,24,14.27,0.5835902639607375,0.06581774771189813,0,0,0,0,0,1,0,0,1,1,0
656,35,39145.0,22953.44,824,7543.0,12,14.61,0.5863696512964618,0.19269383062971004,0,1,0,0,1,0,0,0,1,1,0
656,35,39145.0,22953.44,824,2808.0,24,8.9,0.5863696512964618,0.07173329927193767,0,1,0,0,1,0,0,0,1,0,0
656,35,39145.0,22953.44,824,2015.0,36,11.77,0.5863696512964618,0.051475284199770086,0,1,0,0,1,0,0,0,0,0,0
658,62,143491.0,38692.03,839,28706.0,24,15.92,0.26964778278777063,0.2000543588099602,0,0,0,0,0,0,1,1,0,0,1
658,62,143491.0,38692.03,839,14996.0,36,10.42,0.26964778278777063,0.10450829668759713,0,0,0,0,0,0,1,1,0,0,0
658,62,143491.0,38692.03,839,17966.0,24,15.24,0.26964778278777063,0.12520645894167579,0,0,0,0,0,0,1,1,0,0,1
661,52,83707.0,28257.2,679,7273.0,12,8.94,0.33757272390600546,0.086886401376229,0,1,0,0,1,0,0,0,0,0,0
661,52,83707.0,28257.2,679,13465.0,24,8.54,0.33757272390600546,0.16085870954639397,0,1,0,0,1,0,0,0,0,1,0
662,28,62044.0,31074.91,811,5703.0,12,13.07,0.5008527818967184,0.09191863838566179,0,0,1,1,0,0,0,1,0,0,1
663,22,95986.0,63375.64,838,20530.0,12,15.29,0.6602592044673181,0.21388535828141603,0,0,0,0,0,0,0,0,1,0,0
663,22,95986.0,63375.64,838,15195.0,36,13.59,0.6602592044673181,0.15830433604900715,0,0,0,0,0,0,0,0,1,1,0
663,22,95986.0,63375.64,838,24796.0,36,14.19,0.6602592044673181,0.25832933969537225,0,0,0,0,0,0,0,1,0,1,0
664,30,75040.0,4131.01,818,5481.0,36,9.05,0.05505077292110874,0.0730410447761194,0,0,1,1,0,0,0,1,0,0,1
665,29,34002.0,17257.51,700,11413.0,12,6.19,0.5075439680018822,0.3356567260749368,0,0,1,0,0,0,0,0,0,0,0
666,57,146693.0,30768.75,827,29556.0,24,11.11,0.209749272289748,0.20148200663971697,0,1,0,0,0,0,1,1,0,0,1
666,57,146693.0,30768.75,827,27753.0,12,11.34,0.209749272289748,0.18919103161023362,0,1,0,0,0,0,1,0,0,0,1
667,60,72606.0,33435.3,673,15267.0,36,17.37,0.46050326419304194,0.21027187835716057,0,0,0,0,1,0,0,1,0,0,1
667,60,72606.0,33435.3,673,2827.0,36,7.37,0.46050326419304194,0.03893617607360273,0,0,0,0,1,0,0,1,0,1,0
668,31,37528.0,10177.0,730,5218.0,24,14.94,0.27118418247708376,0.13904284800682157,0,0,0,1,0,0,0,0,1,0,0
668,31,37528.0,10177.0,730,22682.0,24,9.2,0.27118418247708376,0.6044020464719676,0,0,0,1,0,0,0,1,0,1,0
669,56,95710.0,6245.44,739,8405.0,24,14.92,0.06525378748302163,0.08781736495663985,0,0,1,0,0,0,1,0,0,0,0
669,56,95710.0,6245.44,739,5343.0,24,15.72,0.06525378748302163,0.05582488768153798,0,0,1,0,0,0,1,0,1,1,0
670,64,95364.0,2415.77,708,19523.0,12,7.11,0.02533209596912881,0.2047208590243698,0,0,0,0,0,0,0,0,0,0,0
670,64,95364.0,2415.77,708,2458.0,24,13.17,0.02533209596912881,0.025774925548424983,0,0,0,0,0,0,0,0,0,0,1
670,64,95364.0,2415.77,708,28154.0,24,10.58,0.02533209596912881,0.29522671028899794,0,0,0,0,0,0,0,0,0,0,1
671,46,110364.0,23338.88,691,6105.0,36,14.56,0.2114718567648871,0.055316951179732524,0,0,0,0,0,0,0,0,1,1,0
671,46,110364.0,23338.88,691,20323.0,12,5.21,0.2114718567648871,0.1841451922728426,0,0,0,0,0,0,0,0,0,0,0
671,46,110364.0,23338.88,691,13579.0,24,13.24,0.2114718567648871,0.1230383095937081,0,0,0,0,0,0,0,0,0,0,0
672,43,126931.0,79069.8,778,18149.0,24,6.78,0.6229352955542775,0.14298319559445682,0,0,0,0,0,1,0,0,0,0,0
672,43,126931.0,79069.8,778,10081.0,12,7.58,0.6229352955542775,0.07942110280388558,1,0,0,0,0,1,0,0,0,0,1
672,43,126931.0,79069.8,778,22383.0,12,16.56,0.6229352955542775,0.17633990120616713,0,0,0,0,0,1,0,0,0,1,0
674,63,149208.0,25171.3,735,27178.0,36,15.05,0.16869939949600557,0.18214841027290762,0,0,0,0,0,0,1,0,0,0,1
674,63,149208.0,25171.3,735,24082.0,12,10.16,0.16869939949600557,0.16139885260843922,0,0,0,0,0,0,1,0,0,0,1
675,52,46414.0,9402.86,532,5601.0,12,16.39,0.20258671952428148,0.12067479639763865,0,1,0,0,0,1,0,0,0,1,0
675,52,46414.0,9402.86,532,16278.0,36,7.51,0.20258671952428148,0.3507131468953333,0,1,0,0,0,1,0,0,0,1,0
675,52,46414.0,9402.86,532,5072.0,12,15.55,0.20258671952428148,0.10927737320636015,0,1,0,0,0,1,0,1,0,0,0
676,23,58986.0,35032.16,679,13802.0,36,8.26,0.5939063506594786,0.23398772590106126,0,0,1,0,0,0,1,0,1,0,0
676,23,58986.0,35032.16,679,2464.0,24,14.75,0.5939063506594786,0.041772624012477534,0,0,1,0,0,0,1,1,0,0,1
677,36,142953.0,77190.66,552,7958.0,24,11.41,0.5399722985876477,0.055668646338306996,0,0,0,0,1,0,0,0,1,0,1
678,56,95221.0,59235.35,648,5195.0,24,10.52,0.622082838869577,0.05455729303409962,0,0,1,0,0,1,0,0,0,0,0
678,56,95221.0,59235.35,648,7993.0,12,6.26,0.622082838869577,0.08394156751136829,0,0,1,0,0,1,0,0,0,0,0
679,55,148482.0,30862.87,801,7395.0,36,8.76,0.20785596907369241,0.04980401664848264,0,0,1,0,0,0,0,0,1,0,1
680,29,107001.0,43035.36,532,18233.0,12,12.95,0.4021958673283427,0.17040027663292867,0,1,0,0,0,0,1,1,0,0,1
681,33,55588.0,35821.88,733,24255.0,12,15.57,0.6444175001798949,0.4363351802547312,0,1,0,0,1,0,0,0,1,0,0
682,42,26253.0,2877.42,586,16236.0,12,14.56,0.10960347388869844,0.6184436064449778,1,0,0,1,0,0,0,0,0,0,0
683,29,23275.0,1186.23,639,21199.0,24,13.79,0.05096584317937702,0.9108055853920516,1,1,0,1,0,0,0,0,1,1,0
684,21,136642.0,15874.92,526,12378.0,12,14.46,0.11617892009777374,0.0905870815708201,0,1,0,0,0,1,0,1,0,0,1
684,21,136642.0,15874.92,526,14651.0,36,16.35,0.11617892009777374,0.10722179125012807,0,1,0,0,0,1,0,1,0,1,0
684,21,136642.0,15874.92,526,10766.0,12,10.51,0.11617892009777374,0.07878983035962589,0,1,0,0,0,1,0,1,0,0,1
685,52,106491.0,31561.85,709,8571.0,24,8.48,0.29638044529584656,0.08048567484576162,0,1,0,0,0,0,0,0,0,1,0
685,52,106491.0,31561.85,709,17968.0,24,9.54,0.29638044529584656,0.16872787371702774,0,1,0,0,0,0,0,0,0,0,1
685,52,106491.0,31561.85,709,18013.0,36,16.14,0.29638044529584656,0.16915044463851406,0,1,0,0,0,0,0,0,0,0,1
686,52,128649.0,21926.46,614,23503.0,36,10.4,0.17043630343026372,0.18269088760892038,0,1,0,0,0,0,0,0,0,0,1
687,58,95705.0,46424.04,801,10003.0,36,10.59,0.48507434303327934,0.1045190951360953,0,0,1,0,0,0,0,0,0,0,1
688,46,127250.0,18160.08,577,23215.0,36,7.46,0.1427118271119843,0.1824361493123772,0,0,1,0,1,0,0,1,0,0,0
688,46,127250.0,18160.08,577,28853.0,12,15.52,0.1427118271119843,0.2267426326129666,0,0,1,0,1,0,0,1,0,0,0
689,27,113738.0,74851.77,791,22438.0,24,6.85,0.6581069651303875,0.19727795459740807,0,0,1,1,0,0,0,0,0,0,0
689,27,113738.0,74851.77,791,5529.0,36,12.94,0.6581069651303875,0.04861172167613287,0,0,1,1,0,0,0,0,1,1,0
689,27,113738.0,74851.77,791,15176.0,36,12.75,0.6581069651303875,0.13342946069035855,0,0,1,1,0,0,0,1,0,1,0
690,40,101411.0,68099.84,759,3800.0,24,9.41,0.6715232075415881,0.037471280235871846,0,1,0,0,0,1,0,0,0,0,0
690,40,101411.0,68099.84,759,8693.0,24,11.65,0.6715232075415881,0.08572048397116684,1,1,0,0,0,1,0,0,0,0,1
690,40,101411.0,68099.84,759,2558.0,12,10.58,0.6715232075415881,0.025224088116673735,0,1,0,0,0,1,0,0,1,0,1
691,65,100938.0,42412.95,561,12882.0,12,10.21,0.42018813529097065,0.12762289722403852,0,1,0,0,0,1,0,0,1,0,0
691,65,100938.0,42412.95,561,18229.0,36,7.73,0.42018813529097065,0.18059600943153223,1,1,0,0,0,1,0,0,0,1,0
691,65,100938.0,42412.95,561,20964.0,24,17.49,0.42018813529097065,0.2076918504428461,0,1,0,0,0,1,0,0,1,0,0
692,59,30317.0,15259.39,689,14786.0,12,12.15,0.5033278358676649,0.48771316423128935,0,1,0,0,0,0,0,1,0,0,0
693,35,44834.0,16594.17,548,6803.0,36,6.32,0.37012468216086003,0.15173752063166346,0,0,1,0,1,0,0,0,0,0,1
693,35,44834.0,16594.17,548,8317.0,24,15.59,0.37012468216086003,0.18550653521880717,0,0,1,0,1,0,0,1,0,0,1
694,52,105539.0,56158.05,703,20841.0,12,7.53,0.5321070883749136,0.19747202455964147,0,0,0,0,0,1,0,1,0,0,0
694,52,105539.0,56158.05,703,27101.0,36,13.04,0.5321070883749136,0.25678659073896853,0,0,0,0,0,1,0,1,0,1,0
694,52,105539.0,56158.05,703,12248.0,12,9.92,0.5321070883749136,0.11605188603265143,0,0,0,0,0,1,0,0,0,0,1
696,52,132204.0,57132.43,603,26974.0,36,7.98,0.43215356570149166,0.20403316087259085,0,1,0,0,0,1,0,0,0,1,0
696,52,132204.0,57132.43,603,19070.0,36,13.74,0.43215356570149166,0.14424677014311216,0,1,0,0,0,1,0,0,0,0,1
697,41,59775.0,30502.31,824,20894.0,24,8.42,0.5102854035968214,0.3495441237975742,0,0,0,0,1,0,0,1,0,1,0
697,41,59775.0,30502.31,824,9187.0,12,15.48,0.5102854035968214,0.15369301547469677,0,0,0,0,1,0,0,1,0,1,0
698,48,39787.0,18736.43,732,17204.0,12,7.93,0.4709183904290346,0.4324025435443738,0,0,0,0,0,1,0,0,0,1,0
699,36,120251.0,60840.91,764,24999.0,36,12.66,0.5059493060348771,0.20789016307556693,0,1,0,0,1,0,0,0,1,0,1
702,43,125229.0,62405.54,727,7213.0,36,10.82,0.4983313769174872,0.05759847958539955,0,0,1,0,0,1,0,0,0,0,1
703,46,93683.0,2374.16,733,22346.0,24,8.2,0.025342484762443558,0.23852780120192565,0,1,0,0,0,0,1,0,0,0,0
705,37,123650.0,84601.28,729,15311.0,24,14.08,0.6841995956328346,0.12382531338455317,0,0,0,0,0,0,0,1,0,1,0
707,62,92555.0,32124.36,755,22022.0,36,11.22,0.3470840041056669,0.237934201285722,0,0,1,0,0,0,1,0,1,0,1
707,62,92555.0,32124.36,755,22386.0,24,6.09,0.3470840041056669,0.2418669980011885,0,0,1,0,0,0,1,0,1,1,0
708,55,142393.0,12290.01,752,5754.0,36,8.72,0.08631049279107822,0.040409289782503355,0,0,0,0,0,0,0,0,0,1,0
708,55,142393.0,12290.01,752,13397.0,36,11.9,0.08631049279107822,0.09408468112898809,0,0,0,0,0,0,0,0,0,0,0
709,56,67793.0,17990.41,712,18330.0,36,11.31,0.2653726785951352,0.27038189783605976,0,0,0,0,0,0,0,0,0,0,1
709,56,67793.0,17990.41,712,5200.0,24,16.01,0.2653726785951352,0.07670408449249923,0,0,0,0,0,0,0,0,1,0,1
709,56,67793.0,17990.41,712,15465.0,12,6.49,0.2653726785951352,0.22812089743778857,0,0,0,0,0,0,0,0,0,0,0
710,51,41129.0,19487.71,773,22734.0,24,16.86,0.4738192029954533,0.5527486688224853,0,0,1,0,0,0,1,0,0,1,0
711,32,43125.0,1641.51,709,21810.0,24,14.92,0.038064,0.5057391304347826,0,1,0,0,1,0,0,0,0,1,0
711,32,43125.0,1641.51,709,19913.0,36,7.11,0.038064,0.4617507246376812,0,1,0,0,1,0,0,1,0,0,0
711,32,43125.0,1641.51,709,10353.0,36,11.73,0.038064,0.2400695652173913,0,1,0,0,1,0,0,0,1,0,0
712,23,138139.0,16518.51,523,20110.0,12,13.06,0.11957890240989147,0.14557800476331811,0,0,0,1,0,0,0,0,1,1,0
714,44,55148.0,36208.23,717,7951.0,12,13.96,0.6565646986291435,0.1441756727351853,0,1,0,0,0,0,0,1,0,0,0
714,44,55148.0,36208.23,717,5754.0,24,12.44,0.6565646986291435,0.10433741930804381,0,1,0,0,0,0,0,0,0,1,0
715,21,93315.0,31703.13,536,13462.0,36,15.19,0.33974312811445107,0.14426405186733107,0,0,0,0,0,0,0,0,0,0,1
716,54,83380.0,38840.81,798,26336.0,36,12.19,0.46582885584072914,0.31585512113216596,0,0,0,0,0,1,0,1,0,0,1
719,28,143162.0,5406.03,595,11669.0,36,14.58,0.037761626688646424,0.08150905966667132,0,0,0,0,1,0,0,0,0,0,0
720,56,83712.0,19940.55,606,24228.0,36,10.57,0.23820420011467888,0.28942087155963303,0,0,0,0,0,1,0,0,0,0,1
721,62,111266.0,35283.37,816,12026.0,12,8.07,0.3171082810562077,0.10808333183542142,0,0,0,0,1,0,0,0,1,0,1
721,62,111266.0,35283.37,816,28908.0,24,17.13,0.3171082810562077,0.2598098251038053,0,0,0,0,1,0,0,0,1,1,0
722,49,22013.0,8876.26,658,4562.0,24,15.87,0.4032280924908009,0.20724117566892292,0,0,1,1,0,0,0,0,1,0,0
723,51,130498.0,41731.33,800,9261.0,36,15.22,0.3197852074361293,0.07096660485218165,0,0,1,1,0,0,0,0,0,1,0
723,51,130498.0,41731.33,800,6641.0,12,16.47,0.3197852074361293,0.05088966880718478,0,0,1,1,0,0,0,0,0,1,0
724,44,34724.0,12954.26,665,21583.0,24,8.33,0.37306358714433824,0.6215585762008985,0,0,0,0,1,0,0,0,0,0,0
724,44,34724.0,12954.26,665,12159.0,24,14.55,0.37306358714433824,0.35016127174288675,1,0,0,0,1,0,0,1,0,0,0
724,44,34724.0,12954.26,665,18921.0,36,17.2,0.37306358714433824,0.5448969012786545,0,0,0,0,1,0,0,0,1,1,0
725,32,105393.0,7819.74,541,28020.0,12,17.03,0.07419600922262388,0.2658620591500384,0,0,1,0,0,0,0,0,1,1,0
725,32,105393.0,7819.74,541,21142.0,24,9.16,0.07419600922262388,0.20060155797823384,1,0,1,0,0,0,0,1,0,1,0
728,65,110939.0,47880.6,641,7408.0,36,5.91,0.43159393901152887,0.06677543514904587,0,1,0,0,0,0,0,0,1,0,0
729,45,115996.0,16061.85,842,8302.0,24,10.38,0.13846899893099762,0.07157143349770682,0,0,0,0,0,0,1,0,0,0,1
729,45,115996.0,16061.85,842,26260.0,12,12.22,0.13846899893099762,0.22638711679713094,0,0,0,0,0,0,1,1,0,1,0
729,45,115996.0,16061.85,842,22253.0,24,14.96,0.13846899893099762,0.1918428221662816,0,0,0,0,0,0,1,1,0,0,0
730,40,106090.0,23741.72,707,7319.0,36,9.16,0.2237884814779904,0.06898859458949948,0,0,1,0,1,0,0,1,0,0,0
730,40,106090.0,23741.72,707,22860.0,24,10.83,0.2237884814779904,0.21547742482797624,0,0,1,0,1,0,0,0,0,0,1
730,40,106090.0,23741.72,707,13190.0,12,16.31,0.2237884814779904,0.1243284004147422,0,0,1,0,1,0,0,0,0,0,0
731,55,73452.0,38259.85,735,3625.0,36,16.17,0.5208823449327452,0.04935195774110984,0,0,1,0,0,1,0,1,0,0,0
731,55,73452.0,38259.85,735,14306.0,12,15.91,0.5208823449327452,0.19476665032946686,0,0,1,0,0,1,0,1,0,0,0
731,55,73452.0,38259.85,735,13328.0,24,6.52,0.5208823449327452,0.18145183248924468,0,0,1,0,0,1,0,1,0,0,1
732,39,32225.0,3547.26,532,16243.0,12,16.88,0.11007788983708301,0.5040496508921645,1,0,1,0,1,0,0,0,1,0,0
732,39,32225.0,3547.26,532,5473.0,12,15.43,0.11007788983708301,0.16983708301008535,0,0,1,0,1,0,0,0,1,0,0
732,39,32225.0,3547.26,532,14892.0,12,11.46,0.11007788983708301,0.4621256788207913,0,0,1,0,1,0,0,1,0,0,1
733,27,88138.0,7372.3,520,12022.0,12,12.23,0.0836449658490095,0.13639973677641878,0,0,1,1,0,0,0,0,0,0,1
733,27,88138.0,7372.3,520,14323.0,12,13.9,0.0836449658490095,0.16250652386030998,0,0,1,1,0,0,0,0,1,0,1
733,27,88138.0,7372.3,520,16177.0,36,6.0,0.0836449658490095,0.18354171866845176,0,0,1,1,0,0,0,0,0,1,0
734,65,128693.0,46219.18,648,7692.0,12,12.99,0.35914292152642335,0.059770150668645536,0,0,0,0,0,0,0,0,0,0,0
734,65,128693.0,46219.18,648,10214.0,12,16.27,0.35914292152642335,0.07936717614788683,0,0,0,0,0,0,0,0,0,0,0
734,65,128693.0,46219.18,648,13209.0,24,15.84,0.35914292152642335,0.10263961520828639,0,0,0,0,0,0,0,0,1,1,0
735,43,133747.0,65022.98,828,5182.0,36,14.66,0.48616402610899684,0.038744794275759456,0,0,0,0,0,1,0,0,1,0,1
735,43,133747.0,65022.98,828,6188.0,12,12.13,0.48616402610899684,0.04626645831308366,0,0,0,0,0,1,0,0,0,0,1
736,31,58231.0,33269.44,584,2619.0,36,17.61,0.5713355429238722,0.04497604368806993,0,0,0,1,0,0,0,0,0,1,0
736,31,58231.0,33269.44,584,5200.0,24,16.27,0.5713355429238722,0.08929951400456801,0,0,0,1,0,0,0,0,0,0,1
737,59,67547.0,29506.26,730,9997.0,36,5.8,0.43682561771803335,0.14800065139828564,0,0,0,0,0,0,1,0,1,0,0
737,59,67547.0,29506.26,730,20577.0,12,10.25,0.43682561771803335,0.3046323300812767,0,0,0,0,0,0,1,0,0,0,0
737,59,67547.0,29506.26,730,26540.0,24,16.59,0.43682561771803335,0.3929116022917376,0,0,0,0,0,0,1,0,1,0,1
738,55,149734.0,52847.86,801,20836.0,12,5.55,0.35294495572147944,0.13915343208623293,0,0,1,0,0,0,1,0,0,0,1
738,55,149734.0,52847.86,801,17667.0,36,13.07,0.35294495572147944,0.11798923424205592,1,0,1,0,0,0,1,0,1,0,1
738,55,149734.0,52847.86,801,9809.0,24,10.73,0.35294495572147944,0.06550950351957471,0,0,1,0,0,0,1,1,0,1,0
739,31,81889.0,22474.29,749,7660.0,12,12.76,0.274448216488173,0.0935412570674938,0,0,1,0,1,0,0,1,0,0,1
740,37,52728.0,9732.47,820,10106.0,12,15.71,0.18457878167197692,0.19166287361553633,0,1,0,1,0,0,0,1,0,0,0
740,37,52728.0,9732.47,820,9668.0,12,15.99,0.18457878167197692,0.18335609164011532,0,1,0,1,0,0,0,0,0,0,1
740,37,52728.0,9732.47,820,19562.0,24,16.8,0.18457878167197692,0.37099833105750263,0,1,0,1,0,0,0,0,1,0,1
741,41,119360.0,47241.8,612,15736.0,12,6.14,0.39579256032171584,0.13183646112600536,0,0,1,0,0,0,0,1,0,0,1
742,50,36063.0,6807.82,636,20018.0,24,15.87,0.18877575354241188,0.555084158278568,0,0,0,0,0,1,0,0,1,0,1
744,33,57471.0,22719.61,783,21295.0,36,11.75,0.39532303248594947,0.37053470445964054,0,0,0,0,0,1,0,0,0,1,0
744,33,57471.0,22719.61,783,29860.0,36,16.77,0.39532303248594947,0.5195663900053941,0,0,0,0,0,1,0,1,0,0,0
744,33,57471.0,22719.61,783,12809.0,12,17.03,0.39532303248594947,0.22287762523707608,1,0,0,0,0,1,0,0,1,1,0
745,25,79887.0,37443.26,674,10537.0,12,14.79,0.46870279269468124,0.13189880706497928,0,0,0,0,0,1,0,0,0,0,0
746,57,80874.0,33263.78,649,6603.0,12,9.94,0.4113037564606672,0.08164552266488612,0,0,0,0,0,0,0,0,1,1,0
747,21,88685.0,12978.6,774,23339.0,12,12.49,0.1463449286801601,0.26316739020127417,0,0,0,0,0,0,0,1,0,0,0
747,21,88685.0,12978.6,774,11989.0,12,15.71,0.1463449286801601,0.13518633365281615,0,0,0,0,0,0,0,0,1,0,0
747,21,88685.0,12978.6,774,24003.0,36,16.88,0.1463449286801601,0.27065456390595927,0,0,0,0,0,0,0,1,0,0,0
750,53,119365.0,48301.88,644,15283.0,36,6.1,0.40465697650064925,0.12803585640681941,0,0,0,0,0,1,0,1,0,1,0
750,53,119365.0,48301.88,644,5326.0,36,6.14,0.40465697650064925,0.04461944456080091,0,0,0,0,0,1,0,0,0,0,1
751,28,146681.0,27322.79,689,2828.0,36,5.6,0.18627354599436874,0.01927993400644937,0,0,1,0,1,0,0,0,1,0,1
751,28,146681.0,27322.79,689,14443.0,36,10.73,0.18627354599436874,0.09846537724722357,0,0,1,0,1,0,0,0,1,0,0
751,28,146681.0,27322.79,689,24827.0,24,10.29,0.18627354599436874,0.1692584588324323,0,0,1,0,1,0,0,0,1,0,0
752,33,88025.0,23101.38,657,15376.0,24,9.51,0.2624411246804885,0.17467764839534222,0,1,0,0,1,0,0,0,1,1,0
752,33,88025.0,23101.38,657,28718.0,24,12.83,0.2624411246804885,0.3262482249360977,0,1,0,0,1,0,0,0,0,0,1
753,31,119287.0,11208.13,738,10389.0,12,10.3,0.0939593585218842,0.08709247445237117,0,1,0,1,0,0,0,0,1,0,0
754,44,74583.0,33422.22,555,7844.0,12,13.71,0.4481211536140944,0.10517141976053525,1,1,0,0,0,0,0,0,0,0,1
755,55,71925.0,22553.56,621,4490.0,12,12.9,0.3135705248522767,0.0624261383385471,0,0,1,0,0,0,1,0,0,0,1
756,26,108429.0,39666.33,729,19271.0,12,17.85,0.36582768447555547,0.17772920528640862,1,1,0,1,0,0,0,1,0,1,0
756,26,108429.0,39666.33,729,23212.0,12,14.4,0.36582768447555547,0.21407557018878715,0,1,0,1,0,0,0,0,1,0,0
756,26,108429.0,39666.33,729,17860.0,12,8.81,0.36582768447555547,0.164716081491114,0,1,0,1,0,0,0,1,0,0,0
758,22,128674.0,23433.05,555,27832.0,36,11.43,0.18211177083171426,0.2162985529322163,0,0,1,0,0,0,0,0,1,1,0
758,22,128674.0,23433.05,555,8360.0,12,16.59,0.18211177083171426,0.0649703902886364,0,0,1,0,0,0,0,1,0,0,0
759,34,70455.0,32294.33,843,8487.0,36,7.88,0.4583681782698176,0.12045986800085161,0,1,0,0,1,0,0,0,1,1,0
759,34,70455.0,32294.33,843,22794.0,12,10.6,0.4583681782698176,0.32352565467319566,0,1,0,0,1,0,0,0,1,1,0
761,37,87668.0,15540.3,657,20967.0,24,5.66,0.17726308345120226,0.2391636629100698,0,0,0,0,1,0,0,1,0,0,0
762,46,42516.0,9302.53,758,11044.0,24,9.99,0.21880068680026343,0.2597610311412174,0,0,1,0,0,1,0,1,0,0,0
762,46,42516.0,9302.53,758,25044.0,12,8.13,0.21880068680026343,0.5890488286762631,0,0,1,0,0,1,0,0,1,0,1
763,55,68213.0,29769.26,582,14058.0,12,7.44,0.4364162256461378,0.20608974828844942,0,1,0,0,0,0,0,1,0,0,0
763,55,68213.0,29769.26,582,18574.0,36,15.27,0.4364162256461378,0.2722941374811253,0,1,0,0,0,0,0,1,0,1,0
764,56,62014.0,10778.78,755,6272.0,24,15.47,0.17381204244202922,0.10113845260747573,0,0,1,1,0,0,0,0,1,0,1
765,41,129307.0,78353.97,706,15725.0,12,9.14,0.6059530419853527,0.12160981230714502,0,0,0,0,0,0,1,1,0,0,0
765,41,129307.0,78353.97,706,20720.0,36,13.39,0.6059530419853527,0.16023881151059108,0,0,0,0,0,0,1,0,0,1,0
766,28,104815.0,19654.21,845,10886.0,12,9.54,0.18751333301531267,0.10385918046081191,0,1,0,0,1,0,0,0,1,1,0
767,55,59118.0,10844.87,756,4366.0,12,12.0,0.183444466998207,0.07385229540918163,0,0,1,1,0,0,0,0,0,0,0
767,55,59118.0,10844.87,756,18542.0,12,8.5,0.183444466998207,0.3136438986433912,0,0,1,1,0,0,0,0,1,1,0
769,52,22210.0,5658.23,771,19335.0,36,9.91,0.2547604682575416,0.8705538045925258,0,0,1,1,0,0,0,0,0,1,0
769,52,22210.0,5658.23,771,5395.0,36,15.33,0.2547604682575416,0.24290859972985143,0,0,1,1,0,0,0,0,0,0,0
770,62,75466.0,18717.88,534,28302.0,24,14.86,0.24803063631304165,0.3750298147510137,0,0,0,0,0,0,1,0,0,0,1
770,62,75466.0,18717.88,534,9100.0,12,5.37,0.24803063631304165,0.12058410409985953,0,0,0,0,0,0,1,1,0,0,1
771,58,120465.0,18301.73,692,11186.0,12,10.22,0.15192570456149088,0.09285684638691737,1,0,1,1,0,0,0,0,0,1,0
771,58,120465.0,18301.73,692,27471.0,24,7.78,0.15192570456149088,0.22804133980824307,0,0,1,1,0,0,0,0,1,1,0
771,58,120465.0,18301.73,692,4949.0,24,6.51,0.15192570456149088,0.04108247208732827,0,0,1,1,0,0,0,0,1,0,1
772,65,115105.0,44682.1,607,3679.0,12,8.36,0.38818556969723295,0.03196212154120151,0,1,0,1,0,0,0,0,1,0,0
772,65,115105.0,44682.1,607,5233.0,12,14.3,0.38818556969723295,0.045462838278093914,0,1,0,1,0,0,0,0,0,0,0
772,65,115105.0,44682.1,607,22099.0,36,13.75,0.38818556969723295,0.19198992224490682,0,1,0,1,0,0,0,0,1,0,1
773,39,115451.0,4876.6,521,13632.0,12,14.78,0.04223956483703043,0.11807606690284189,0,0,1,0,0,1,0,0,1,0,0
773,39,115451.0,4876.6,521,27446.0,24,11.07,0.04223956483703043,0.23772856016838312,0,0,1,0,0,1,0,1,0,1,0
774,62,139060.0,57632.55,773,14209.0,36,15.6,0.4144437652811736,0.10217891557601036,0,0,0,0,0,0,0,1,0,0,1
775,53,30335.0,9018.43,553,8097.0,24,17.99,0.29729454425581014,0.2669194000329652,0,0,1,0,0,0,1,0,0,0,0
776,28,52117.0,33754.5,659,8110.0,36,11.24,0.6476677475679721,0.1556114127827772,0,0,0,0,0,1,0,0,0,0,0
777,42,110191.0,3143.19,748,17623.0,24,17.76,0.02852492490312276,0.1599313918559592,0,1,0,1,0,0,0,1,0,0,0
778,65,50422.0,13882.25,759,15057.0,36,10.55,0.27532128832652414,0.29861965015271114,0,0,0,1,0,0,0,0,0,0,0
778,65,50422.0,13882.25,759,11737.0,24,16.24,0.27532128832652414,0.23277537582801158,0,0,0,1,0,0,0,0,0,1,0
779,48,73989.0,19608.57,780,22250.0,24,11.98,0.26502007055102783,0.30072037735339036,0,0,1,1,0,0,0,0,0,0,0
780,30,90548.0,24090.95,710,6883.0,36,17.55,0.26605722931483855,0.076014931307152,0,1,0,1,0,0,0,0,1,0,1
780,30,90548.0,24090.95,710,28883.0,24,17.92,0.26605722931483855,0.3189799885143791,0,1,0,1,0,0,0,0,0,0,1
780,30,90548.0,24090.95,710,25104.0,24,7.56,0.26605722931483855,0.2772452180059195,1,1,0,1,0,0,0,0,1,0,1
782,25,101079.0,31708.07,565,11842.0,36,8.28,0.3136959210122775,0.11715588796881647,0,1,0,1,0,0,0,0,1,0,0
782,25,101079.0,31708.07,565,16139.0,24,9.36,0.3136959210122775,0.15966719100901275,0,1,0,1,0,0,0,0,0,0,0
782,25,101079.0,31708.07,565,9136.0,12,16.33,0.3136959210122775,0.09038474856300517,0,1,0,1,0,0,0,0,1,0,0
783,28,133698.0,68904.41,785,18858.0,12,8.49,0.5153735283998265,0.14104923035497913,1,0,0,0,0,1,0,1,0,0,1
783,28,133698.0,68904.41,785,29157.0,24,14.9,0.5153735283998265,0.21808104833280975,1,0,0,0,0,1,0,1,0,1,0
783,28,133698.0,68904.41,785,11483.0,36,8.08,0.5153735283998265,0.08588759742105342,0,0,0,0,0,1,0,0,1,0,1
784,51,95767.0,50268.06,592,8732.0,12,11.15,0.5248996000710057,0.09117963390311903,1,0,0,0,1,0,0,0,1,1,0
785,59,138972.0,14032.46,552,2614.0,36,15.62,0.10097328958351322,0.0188095443686498,0,0,1,0,0,0,1,0,1,1,0
786,32,31722.0,4303.12,628,9408.0,24,10.32,0.13565096778261143,0.29657650841687155,0,1,0,0,0,0,0,0,1,0,1
786,32,31722.0,4303.12,628,20109.0,24,6.7,0.13565096778261143,0.6339133724229241,0,1,0,0,0,0,0,0,1,0,1
787,49,148568.0,81691.0,707,9661.0,12,17.15,0.5498559582144203,0.06502746217220397,0,1,0,0,1,0,0,0,0,0,1
787,49,148568.0,81691.0,707,5077.0,24,16.94,0.5498559582144203,0.03417290399009208,0,1,0,0,1,0,0,0,0,0,0
787,49,148568.0,81691.0,707,28239.0,36,11.8,0.5498559582144203,0.19007457864412255,0,1,0,0,1,0,0,1,0,0,1
788,55,83172.0,35587.33,621,2644.0,12,15.1,0.42787632857211566,0.0317895445582648,0,1,0,0,1,0,0,0,1,1,0
788,55,83172.0,35587.33,621,21384.0,24,9.45,0.42787632857211566,0.2571057567450584,0,1,0,0,1,0,0,0,1,0,1
788,55,83172.0,35587.33,621,4827.0,24,15.65,0.42787632857211566,0.05803635838984274,0,1,0,0,1,0,0,0,1,0,1
789,25,134296.0,7778.17,844,26098.0,36,11.4,0.057918106272711024,0.19433192351224163,0,0,0,0,0,0,0,0,0,1,0
790,38,137139.0,36920.57,763,21032.0,24,17.69,0.26922006139756016,0.15336264665777058,0,0,0,0,0,0,1,0,0,0,1
790,38,137139.0,36920.57,763,24868.0,12,17.6,0.26922006139756016,0.1813342666929174,0,0,0,0,0,0,1,1,0,0,1
791,41,139709.0,46490.31,727,21967.0,36,7.23,0.33276531934234727,0.15723396488415206,0,1,0,0,0,1,0,1,0,0,1
791,41,139709.0,46490.31,727,13251.0,12,14.13,0.33276531934234727,0.09484714656893972,0,1,0,0,0,1,0,1,0,0,0
791,41,139709.0,46490.31,727,13569.0,24,13.88,0.33276531934234727,0.09712330630095413,0,1,0,0,0,1,0,0,0,0,1
792,59,44231.0,10001.29,691,17073.0,24,15.88,0.22611494200899823,0.38599624697610274,0,0,0,0,0,1,0,0,0,0,0
792,59,44231.0,10001.29,691,18457.0,24,9.72,0.22611494200899823,0.41728651850512083,0,0,0,0,0,1,0,1,0,0,0
792,59,44231.0,10001.29,691,9120.0,36,9.79,0.22611494200899823,0.20619022857272049,0,0,0,0,0,1,0,1,0,0,1
793,32,99296.0,13509.13,691,11188.0,36,13.4,0.136049085562359,0.11267321946503384,0,0,0,0,0,0,0,1,0,1,0
793,32,99296.0,13509.13,691,3337.0,12,12.32,0.136049085562359,0.03360659039639059,0,0,0,0,0,0,0,1,0,0,1
793,32,99296.0,13509.13,691,27864.0,36,7.01,0.136049085562359,0.2806155333548179,0,0,0,0,0,0,0,0,1,1,0
795,60,74006.0,23821.07,599,19909.0,12,7.56,0.3218802529524633,0.26901872821122613,0,1,0,0,0,1,0,0,1,1,0
795,60,74006.0,23821.07,599,5601.0,24,15.12,0.3218802529524633,0.0756830527254547,0,1,0,0,0,1,0,0,0,0,1
796,46,107964.0,11446.65,718,22803.0,24,15.61,0.10602284094698232,0.21120929198621763,0,0,1,0,0,1,0,0,0,1,0
797,31,117474.0,11915.44,725,13324.0,36,5.55,0.10143044418339378,0.1134208420586683,0,1,0,1,0,0,0,0,1,1,0
797,31,117474.0,11915.44,725,11782.0,36,14.41,0.10143044418339378,0.10029453325842314,0,1,0,1,0,0,0,0,1,1,0
797,31,117474.0,11915.44,725,25252.0,24,16.06,0.10143044418339378,0.21495820351737405,0,1,0,1,0,0,0,1,0,0,1
798,32,23675.0,10252.14,714,5936.0,24,16.89,0.4330365364308342,0.2507286166842661,0,0,1,0,1,0,0,0,1,0,0
799,45,100655.0,40257.16,804,14258.0,36,14.61,0.3999519149570315,0.14165217823257661,1,1,0,0,0,0,1,1,0,0,1
799,45,100655.0,40257.16,804,23981.0,12,9.22,0.3999519149570315,0.23824946599771496,0,1,0,0,0,0,1,0,1,1,0
799,45,100655.0,40257.16,804,24328.0,24,13.09,0.3999519149570315,0.2416968854006259,0,1,0,0,0,0,1,1,0,1,0
800,51,31483.0,10590.51,650,6355.0,36,16.48,0.33638820950989423,0.2018549693485373,0,0,1,0,1,0,0,1,0,0,1
800,51,31483.0,10590.51,650,18355.0,36,15.84,0.33638820950989423,0.5830130546644221,0,0,1,0,1,0,0,1,0,1,0
801,44,35599.0,17474.92,768,5232.0,12,11.77,0.4908823281552852,0.14697042051743026,0,0,1,0,0,1,0,1,0,0,1
801,44,35599.0,17474.92,768,8686.0,36,15.36,0.4908823281552852,0.2439956178544341,1,0,1,0,0,1,0,0,1,1,0
802,49,110077.0,43650.74,840,25228.0,24,16.72,0.3965473259627352,0.229185025027935,0,1,0,0,1,0,0,0,1,0,0
802,49,110077.0,43650.74,840,11836.0,24,15.84,0.3965473259627352,0.10752473268711901,0,1,0,0,1,0,0,0,1,1,0
802,49,110077.0,43650.74,840,12812.0,36,5.46,0.3965473259627352,0.11639125339535053,0,1,0,0,1,0,0,0,1,1,0
803,53,84671.0,53812.04,673,4864.0,36,9.82,0.6355427478121198,0.05744587875423699,0,1,0,0,1,0,0,0,0,1,0
804,22,96598.0,19418.66,657,2632.0,12,14.87,0.20102548707012569,0.027246940930454048,0,1,0,0,1,0,0,0,1,0,0
804,22,96598.0,19418.66,657,16139.0,36,8.97,0.20102548707012569,0.16707385246071346,0,1,0,0,1,0,0,1,0,0,1
805,34,141061.0,24446.38,731,4054.0,24,12.78,0.1733036062412715,0.02873933971827791,0,0,1,0,1,0,0,1,0,0,1
805,34,141061.0,24446.38,731,18467.0,12,15.09,0.1733036062412715,0.1309149942223577,0,0,1,0,1,0,0,0,1,0,0
806,52,76888.0,13848.28,675,9025.0,12,13.15,0.18010977005514517,0.1173785246072209,0,0,0,0,0,1,0,0,0,0,1
806,52,76888.0,13848.28,675,12180.0,24,13.3,0.18010977005514517,0.1584122359796067,0,0,0,0,0,1,0,0,1,0,1
807,45,57973.0,9578.55,830,27509.0,36,16.99,0.16522432856674657,0.4745139978955721,0,0,1,0,0,0,0,1,0,0,1
808,51,96983.0,18516.57,610,19210.0,36,15.43,0.19092593547322725,0.1980759514554097,0,0,0,0,0,0,1,0,1,1,0
808,51,96983.0,18516.57,610,2043.0,12,11.93,0.19092593547322725,0.021065547570192713,0,0,0,0,0,0,1,0,1,1,0
808,51,96983.0,18516.57,610,23319.0,36,17.97,0.19092593547322725,0.24044420156109833,1,0,0,0,0,0,1,1,0,1,0
809,53,146397.0,33808.19,523,23843.0,24,11.88,0.23093499183726443,0.16286535926282641,0,1,0,0,1,0,0,0,1,0,0
809,53,146397.0,33808.19,523,25433.0,36,9.21,0.23093499183726443,0.17372623755951283,0,1,0,0,1,0,0,1,0,0,1
809,53,146397.0,33808.19,523,25491.0,24,10.91,0.23093499183726443,0.17412242054140453,0,1,0,0,1,0,0,0,0,0,1
810,37,73800.0,49649.45,684,8181.0,12,17.22,0.6727567750677507,0.11085365853658537,1,1,0,0,0,0,1,0,1,0,1
812,63,34701.0,20714.67,741,13007.0,24,11.64,0.5969473502204546,0.3748306965217141,0,1,0,0,1,0,0,1,0,1,0
813,22,113186.0,1557.89,697,12500.0,24,16.85,0.013763981411128586,0.11043768663969042,0,1,0,0,1,0,0,0,1,0,1
813,22,113186.0,1557.89,697,6651.0,24,14.45,0.013763981411128586,0.05876168430724648,0,1,0,0,1,0,0,0,0,1,0
813,22,113186.0,1557.89,697,28023.0,36,8.65,0.013763981411128586,0.24758362341632356,0,1,0,0,1,0,0,1,0,1,0
815,23,136762.0,1088.3,576,11884.0,12,8.54,0.007957619806671444,0.08689548266331291,0,1,0,0,0,0,1,0,0,1,0
816,54,57915.0,22494.26,557,11002.0,24,7.06,0.38840127773461103,0.1899680566347233,0,0,0,0,1,0,0,0,0,0,1
817,48,98352.0,33835.78,560,17289.0,24,15.48,0.3440273710753213,0.1757869692532943,0,0,0,0,1,0,0,0,1,1,0
817,48,98352.0,33835.78,560,28713.0,36,17.19,0.3440273710753213,0.2919411908247926,0,0,0,0,1,0,0,0,1,0,0
818,52,35254.0,8945.58,729,16719.0,24,7.85,0.25374652521699664,0.4742440574119249,0,0,1,0,1,0,0,0,1,1,0
818,52,35254.0,8945.58,729,13670.0,36,8.61,0.25374652521699664,0.3877574175980031,0,0,1,0,1,0,0,0,0,0,1
818,52,35254.0,8945.58,729,24797.0,24,12.1,0.25374652521699664,0.7033811766040733,1,0,1,0,1,0,0,1,0,1,0
819,51,58433.0,17450.29,571,10029.0,12,17.18,0.2986375849263259,0.1716324679547516,0,1,0,0,0,0,1,1,0,0,0
822,65,145231.0,22063.14,817,3499.0,36,12.35,0.15191756580895263,0.024092652395149797,0,0,1,0,1,0,0,0,1,0,1
822,65,145231.0,22063.14,817,9692.0,24,15.52,0.15191756580895263,0.0667350634506407,0,0,1,0,1,0,0,1,0,0,1
822,65,145231.0,22063.14,817,16602.0,24,8.47,0.15191756580895263,0.11431443700036494,0,0,1,0,1,0,0,1,0,1,0
823,63,147679.0,88882.92,796,18305.0,12,16.78,0.6018656681044698,0.12395127269279993,0,0,0,0,0,0,0,0,1,1,0
823,63,147679.0,88882.92,796,26013.0,36,15.76,0.6018656681044698,0.17614555894880113,0,0,0,0,0,0,0,0,0,1,0
823,63,147679.0,88882.92,796,15712.0,36,7.38,0.6018656681044698,0.10639291977870922,0,0,0,0,0,0,0,0,0,0,1
824,32,111890.0,69062.96,840,27342.0,36,10.99,0.6172397890785594,0.24436500134060238,0,1,0,1,0,0,0,0,1,1,0
824,32,111890.0,69062.96,840,25629.0,24,9.81,0.6172397890785594,0.229055322191438,0,1,0,1,0,0,0,0,1,0,1
825,46,27439.0,2931.72,769,26556.0,12,9.69,0.10684500164000145,0.9678195269506906,0,0,0,1,0,0,0,0,0,1,0
826,47,123111.0,75974.14,787,28165.0,12,9.2,0.617119022670598,0.22877728228996597,0,0,1,0,0,1,0,1,0,0,1
826,47,123111.0,75974.14,787,14639.0,36,11.24,0.617119022670598,0.11890895208389177,0,0,1,0,0,1,0,0,0,1,0
827,58,44258.0,13748.03,611,18611.0,36,6.43,0.3106337837227168,0.4205115459351982,0,0,1,1,0,0,0,0,1,0,0
828,31,56022.0,13481.32,612,15694.0,36,9.18,0.2406433186962265,0.28013994502159867,0,1,0,0,0,0,0,0,0,0,1
828,31,56022.0,13481.32,612,13401.0,24,8.46,0.2406433186962265,0.23920959623005247,0,1,0,0,0,0,0,0,0,0,0
828,31,56022.0,13481.32,612,14344.0,12,5.91,0.2406433186962265,0.2560422691085645,0,1,0,0,0,0,0,1,0,0,0
829,55,120183.0,15052.51,674,12095.0,36,17.84,0.12524658229533295,0.10063819342169858,0,1,0,0,1,0,0,1,0,0,1
829,55,120183.0,15052.51,674,17112.0,12,14.35,0.12524658229533295,0.14238286612915305,0,1,0,0,1,0,0,0,1,0,1
830,21,114617.0,13471.9,814,21529.0,36,7.03,0.117538410532469,0.18783426542310477,0,1,0,0,1,0,0,1,0,0,0
830,21,114617.0,13471.9,814,15502.0,36,12.04,0.117538410532469,0.1352504427789944,0,1,0,0,1,0,0,0,0,0,0
831,47,77246.0,16465.78,608,15610.0,12,12.78,0.2131602930896098,0.20208166118633974,0,0,1,1,0,0,0,1,0,0,0
832,21,69722.0,32769.51,616,22421.0,24,10.21,0.47000243825478333,0.3215771205645277,0,0,1,0,1,0,0,0,0,1,0
832,21,69722.0,32769.51,616,13408.0,12,14.2,0.47000243825478333,0.19230658902498493,0,0,1,0,1,0,0,0,1,0,1
833,36,102082.0,20051.24,538,6844.0,12,13.83,0.19642287572735645,0.06704414098469857,0,0,0,0,0,0,1,0,0,1,0
833,36,102082.0,20051.24,538,11570.0,36,6.96,0.19642287572735645,0.11334025587272976,0,0,0,0,0,0,1,1,0,1,0
833,36,102082.0,20051.24,538,23876.0,24,7.27,0.19642287572735645,0.23389040183381987,0,0,0,0,0,0,1,1,0,0,0
835,58,41039.0,27931.23,775,16659.0,12,15.08,0.6806021101878701,0.40593094373644584,0,0,1,1,0,0,0,1,0,1,0
835,58,41039.0,27931.23,775,3173.0,12,7.32,0.6806021101878701,0.07731669874996955,0,0,1,1,0,0,0,0,0,0,0
836,54,93318.0,36254.18,731,12708.0,12,7.07,0.3885014680983304,0.13617951520606958,0,0,1,0,0,1,0,0,0,0,0
836,54,93318.0,36254.18,731,7963.0,36,8.08,0.3885014680983304,0.0853318759510491,0,0,1,0,0,1,0,1,0,0,1
836,54,93318.0,36254.18,731,12468.0,12,10.26,0.3885014680983304,0.13360766411624767,0,0,1,0,0,1,0,1,0,1,0
837,63,83847.0,57045.73,717,15518.0,24,14.37,0.6803550514627834,0.18507519648884277,0,0,0,0,0,0,1,0,0,1,0
838,47,144303.0,86615.17,807,15802.0,24,17.71,0.6002312495235719,0.10950569288233786,0,0,0,0,0,0,1,0,1,0,0
838,47,144303.0,86615.17,807,26391.0,36,12.24,0.6002312495235719,0.18288601068584853,0,0,0,0,0,0,1,0,1,0,0
839,61,65729.0,12118.59,735,27566.0,36,6.81,0.18437204278172498,0.4193887020949657,0,1,0,0,1,0,0,0,1,1,0
839,61,65729.0,12118.59,735,29125.0,12,17.8,0.18437204278172498,0.4431073042340519,0,1,0,0,1,0,0,0,1,0,1
839,61,65729.0,12118.59,735,2031.0,24,15.23,0.18437204278172498,0.030899602914999467,0,1,0,0,1,0,0,0,0,1,0
840,43,47806.0,6605.19,566,14855.0,12,12.44,0.13816654813203363,0.3107350541772999,0,1,0,0,0,0,0,0,1,0,0
840,43,47806.0,6605.19,566,3490.0,36,17.88,0.13816654813203363,0.07300338869597958,0,1,0,0,0,0,0,0,0,0,1
840,43,47806.0,6605.19,566,6327.0,36,7.28,0.13816654813203363,0.1323474040915366,0,1,0,0,0,0,0,0,0,0,1
842,41,26463.0,15268.18,814,16162.0,24,15.62,0.5769633072591921,0.6107395231077354,0,0,0,0,0,1,0,0,0,1,0
843,55,53132.0,2693.85,692,27259.0,24,10.51,0.05070108409244899,0.5130429872769706,0,1,0,0,0,1,0,0,0,1,0
843,55,53132.0,2693.85,692,24920.0,12,9.72,0.05070108409244899,0.4690205525860122,0,1,0,0,0,1,0,1,0,0,0
843,55,53132.0,2693.85,692,13649.0,24,10.7,0.05070108409244899,0.2568885041029888,0,1,0,0,0,1,0,0,0,0,1
844,58,85013.0,35513.4,615,12506.0,36,17.25,0.41774081611047725,0.14710691306035548,0,1,0,0,0,1,0,0,1,0,1
844,58,85013.0,35513.4,615,4211.0,36,16.17,0.41774081611047725,0.049533600743415715,0,1,0,0,0,1,0,0,1,0,1
845,43,94332.0,45663.45,741,12234.0,12,9.31,0.4840716829919857,0.12969087902302506,0,1,0,0,0,1,0,1,0,0,0
846,59,31014.0,6293.46,767,26019.0,36,17.05,0.20292319597601083,0.838943702843877,0,0,0,0,0,0,1,0,0,0,0
846,59,31014.0,6293.46,767,20228.0,24,5.12,0.20292319597601083,0.6522215773521636,0,0,0,0,0,0,1,1,0,0,0
846,59,31014.0,6293.46,767,7131.0,36,5.09,0.20292319597601083,0.22992841942348616,0,0,0,0,0,0,1,0,0,0,1
847,29,126941.0,40386.03,688,20733.0,36,8.84,0.31814803727716023,0.16332784521943264,0,1,0,0,0,0,0,0,0,0,0
848,51,100105.0,16158.13,745,11975.0,12,8.25,0.1614118175915289,0.11962439438589481,0,0,0,0,0,1,0,0,1,1,0
848,51,100105.0,16158.13,745,13266.0,24,7.94,0.1614118175915289,0.13252085310424055,0,0,0,0,0,1,0,0,0,0,1
848,51,100105.0,16158.13,745,29684.0,24,11.89,0.1614118175915289,0.29652864492283104,0,0,0,0,0,1,0,0,0,0,0
849,64,147104.0,69895.08,727,21540.0,12,7.35,0.4751405808135741,0.1464270176201871,0,0,0,0,0,1,0,0,1,0,0
851,41,65678.0,34425.88,686,28192.0,12,16.76,0.5241615152714759,0.429245713937696,0,1,0,0,0,0,1,0,1,0,1
852,22,67741.0,3826.38,658,24111.0,24,8.78,0.05648543717984677,0.35592920092706043,0,1,0,0,1,0,0,0,1,0,0
852,22,67741.0,3826.38,658,24844.0,12,17.53,0.05648543717984677,0.3667498265452237,0,1,0,0,1,0,0,0,1,1,0
852,22,67741.0,3826.38,658,8369.0,36,16.84,0.05648543717984677,0.12354408703739242,0,1,0,0,1,0,0,1,0,0,0
853,50,99520.0,1169.23,542,10695.0,12,17.51,0.011748693729903538,0.10746583601286173,0,0,1,0,0,1,0,0,1,0,0
853,50,99520.0,1169.23,542,24633.0,12,6.95,0.011748693729903538,0.24751808681672025,0,0,1,0,0,1,0,0,1,1,0
855,30,30560.0,2678.9,667,23812.0,36,11.5,0.08766034031413612,0.7791884816753927,0,0,1,1,0,0,0,1,0,1,0
855,30,30560.0,2678.9,667,26419.0,24,7.56,0.08766034031413612,0.8644960732984294,0,0,1,1,0,0,0,1,0,0,1
855,30,30560.0,2678.9,667,8199.0,36,5.75,0.08766034031413612,0.2682918848167539,1,0,1,1,0,0,0,1,0,0,1
856,47,47798.0,15689.07,747,15962.0,36,6.44,0.3282369555211515,0.3339470270722624,0,0,0,0,1,0,0,1,0,1,0
856,47,47798.0,15689.07,747,5430.0,36,10.13,0.3282369555211515,0.11360307962676262,0,0,0,0,1,0,0,0,0,0,1
857,33,136982.0,70406.8,773,17229.0,36,8.5,0.5139857791534654,0.12577564935538976,0,0,0,0,0,1,0,0,0,0,1
857,33,136982.0,70406.8,773,23439.0,12,9.01,0.5139857791534654,0.17111007285628768,1,0,0,0,0,1,0,0,0,0,1
857,33,136982.0,70406.8,773,27808.0,24,16.62,0.5139857791534654,0.2030047743499146,0,0,0,0,0,1,0,1,0,0,1
860,39,106925.0,11055.43,788,7156.0,12,10.95,0.10339424830488661,0.06692541501052139,0,0,1,0,0,1,0,0,0,1,0
860,39,106925.0,11055.43,788,29413.0,36,7.71,0.10339424830488661,0.27508066401683423,0,0,1,0,0,1,0,1,0,1,0
861,59,142320.0,85874.01,820,8020.0,12,11.23,0.6033868043844857,0.056351883080382234,0,1,0,1,0,0,0,0,0,0,1
862,32,98222.0,43749.25,800,3764.0,12,15.25,0.44541192400887786,0.03832135366822097,0,0,1,0,0,1,0,0,0,0,0
863,52,85796.0,7425.16,645,23130.0,12,5.99,0.08654436104247284,0.2695929880180894,0,0,1,0,0,0,1,0,0,1,0
864,36,81066.0,34509.05,805,25137.0,24,14.59,0.4256907951545654,0.31008067500555103,0,1,0,0,0,0,0,1,0,0,1
864,36,81066.0,34509.05,805,14707.0,24,14.05,0.4256907951545654,0.18142007746774233,0,1,0,0,0,0,0,1,0,1,0
864,36,81066.0,34509.05,805,19532.0,12,16.89,0.4256907951545654,0.24093948141020896,0,1,0,0,0,0,0,0,1,0,0
865,28,100103.0,7311.0,832,8211.0,12,15.11,0.07303477418259192,0.08202551372086751,0,1,0,0,0,1,0,0,1,0,1
865,28,100103.0,7311.0,832,14437.0,12,14.74,0.07303477418259192,0.14422145190453833,0,1,0,0,0,1,0,0,1,0,0
866,37,110660.0,12338.72,647,11889.0,12,12.0,0.11150117476956442,0.1074371950117477,0,1,0,0,1,0,0,0,1,0,1
867,28,45802.0,19596.42,572,12290.0,36,8.33,0.42785074887559493,0.26832889393476267,0,0,1,0,0,0,1,0,1,0,1
871,62,132053.0,7593.92,664,10318.0,12,5.28,0.05750660719559571,0.07813529416219245,0,0,0,0,1,0,0,1,0,0,1
873,41,64293.0,27063.64,775,11074.0,24,10.52,0.4209422487673619,0.17224270138273218,0,1,0,0,1,0,0,1,0,0,0
873,41,64293.0,27063.64,775,14161.0,12,7.05,0.4209422487673619,0.22025725973278584,0,1,0,0,1,0,0,1,0,1,0
873,41,64293.0,27063.64,775,14989.0,12,14.67,0.4209422487673619,0.2331358001648702,0,1,0,0,1,0,0,0,1,1,0
874,35,65912.0,42515.81,843,24835.0,12,5.11,0.6450389913824492,0.3767902658089574,0,0,0,1,0,0,0,0,1,0,0
875,54,31552.0,6060.61,735,21113.0,12,5.26,0.19208322768762676,0.669149340770791,0,1,0,0,0,0,0,0,0,1,0
875,54,31552.0,6060.61,735,8120.0,24,6.76,0.19208322768762676,0.25735294117647056,0,1,0,0,0,0,0,1,0,1,0
877,41,121757.0,25921.41,807,12728.0,36,8.11,0.21289461796857675,0.1045360841676454,0,0,1,1,0,0,0,0,1,0,0
877,41,121757.0,25921.41,807,25290.0,36,16.11,0.21289461796857675,0.20770879703015022,0,0,1,1,0,0,0,0,1,0,1
878,41,33716.0,1467.58,561,23688.0,12,11.06,0.04352770198125519,0.7025744453671847,0,0,0,0,0,0,1,0,1,0,1
878,41,33716.0,1467.58,561,24969.0,36,6.58,0.04352770198125519,0.7405682761893463,1,0,0,0,0,0,1,0,1,1,0
879,44,104204.0,28257.89,846,8471.0,12,12.33,0.2711785536063875,0.08129246478062263,0,0,1,1,0,0,0,0,1,0,0
879,44,104204.0,28257.89,846,11415.0,24,14.03,0.2711785536063875,0.10954473916548309,0,0,1,1,0,0,0,1,0,1,0
879,44,104204.0,28257.89,846,5900.0,12,5.22,0.2711785536063875,0.056619707496833135,0,0,1,1,0,0,0,0,1,0,1
880,60,21079.0,10979.81,621,2824.0,36,16.56,0.5208885620759998,0.1339721998197258,0,0,1,0,0,0,0,1,0,0,1
881,62,81772.0,55972.06,723,14766.0,12,10.17,0.6844893117448515,0.18057525803453506,1,1,0,0,0,0,1,0,1,1,0
881,62,81772.0,55972.06,723,3734.0,36,8.08,0.6844893117448515,0.04566355231619625,0,1,0,0,0,0,1,1,0,0,0
881,62,81772.0,55972.06,723,14297.0,36,14.1,0.6844893117448515,0.17483979846402192,0,1,0,0,0,0,1,0,1,0,0
882,61,93864.0,18609.72,747,17434.0,36,9.77,0.19826259268729227,0.18573681070484957,0,0,1,1,0,0,0,0,1,0,0
882,61,93864.0,18609.72,747,29768.0,36,14.69,0.19826259268729227,0.3171396914685076,0,0,1,1,0,0,0,0,0,0,0
883,35,99743.0,19912.88,536,22729.0,12,7.88,0.19964187963065078,0.22787564039581726,0,0,1,0,0,1,0,0,0,0,1
883,35,99743.0,19912.88,536,17448.0,12,15.86,0.19964187963065078,0.17492956899231024,0,0,1,0,0,1,0,1,0,0,0
884,39,89381.0,8377.67,784,7164.0,12,12.54,0.09372987547689106,0.08015126257258254,0,0,1,0,0,0,0,0,0,0,1
884,39,89381.0,8377.67,784,17188.0,36,16.21,0.09372987547689106,0.19230037703762545,0,0,1,0,0,0,0,0,0,0,0
884,39,89381.0,8377.67,784,23817.0,36,8.02,0.09372987547689106,0.26646602745549947,0,0,1,0,0,0,0,0,1,0,1
885,57,97324.0,35524.26,839,13821.0,12,15.26,0.3650102749578727,0.1420101927582097,0,0,0,0,0,1,0,1,0,1,0
885,57,97324.0,35524.26,839,20155.0,24,10.7,0.3650102749578727,0.20709177592371872,0,0,0,0,0,1,0,1,0,1,0
886,48,78656.0,43462.17,682,15891.0,24,7.45,0.5525601352725793,0.2020316314076485,0,0,0,1,0,0,0,0,0,1,0
886,48,78656.0,43462.17,682,11572.0,12,9.44,0.5525601352725793,0.14712164361269325,0,0,0,1,0,0,0,0,1,1,0
887,47,145688.0,27168.71,535,21129.0,24,15.73,0.18648557190708911,0.1450291032892208,0,0,0,0,0,0,1,0,0,1,0
888,41,102584.0,43037.14,655,9860.0,12,5.17,0.4195307260391484,0.09611635342743508,0,0,0,0,0,0,0,0,1,0,1
889,21,87892.0,50899.1,718,10311.0,24,14.41,0.5791095890410959,0.11731443134756292,0,0,0,0,0,1,0,0,1,0,0
889,21,87892.0,50899.1,718,5235.0,12,6.9,0.5791095890410959,0.05956173485641469,0,0,0,0,0,1,0,0,0,0,0
889,21,87892.0,50899.1,718,21349.0,24,11.38,0.5791095890410959,0.24290037773631273,0,0,0,0,0,1,0,0,1,0,1
892,54,72254.0,23480.91,659,23397.0,12,16.01,0.32497730229468264,0.32381598250615884,1,0,1,0,0,0,0,0,0,0,1
892,54,72254.0,23480.91,659,10989.0,24,8.22,0.32497730229468264,0.15208846569048082,1,0,1,0,0,0,0,0,0,0,1
892,54,72254.0,23480.91,659,14078.0,36,10.71,0.32497730229468264,0.19484042405956764,0,0,1,0,0,0,0,0,0,0,1
893,57,32845.0,10052.2,654,15401.0,24,13.73,0.3060496270360786,0.4688993758562947,0,0,0,0,0,0,1,0,1,1,0
894,43,122999.0,67892.12,583,11817.0,36,8.08,0.5519729428694542,0.09607395182074652,0,1,0,0,0,1,0,0,0,0,1
894,43,122999.0,67892.12,583,9689.0,36,16.71,0.5519729428694542,0.07877299815445654,1,1,0,0,0,1,0,0,1,0,1
895,22,118344.0,76506.32,657,9442.0,36,10.16,0.6464740079767458,0.07978435746636924,0,0,0,0,1,0,0,1,0,1,0
895,22,118344.0,76506.32,657,20297.0,24,6.42,0.6464740079767458,0.17150848374231056,0,0,0,0,1,0,0,1,0,0,0
896,41,67439.0,29433.01,649,16847.0,36,12.89,0.436439004137072,0.24981094025712125,0,1,0,0,0,0,1,0,0,0,0
896,41,67439.0,29433.01,649,19681.0,36,15.55,0.436439004137072,0.29183410192915077,1,1,0,0,0,0,1,0,1,1,0
897,23,73365.0,21902.88,690,22241.0,36,14.84,0.2985467184624821,0.30315545559871876,0,0,0,0,0,0,0,0,0,0,0
897,23,73365.0,21902.88,690,4776.0,24,5.71,0.2985467184624821,0.06509916172561848,0,0,0,0,0,0,0,0,1,0,1
901,56,127066.0,69577.08,757,4617.0,12,11.83,0.5475664615239325,0.03633544772008248,0,0,0,0,0,0,1,1,0,1,0
901,56,127066.0,69577.08,757,19358.0,36,15.87,0.5475664615239325,0.15234602490044544,0,0,0,0,0,0,1,1,0,1,0
901,56,127066.0,69577.08,757,17121.0,12,17.52,0.5475664615239325,0.13474100073977302,0,0,0,0,0,0,1,1,0,0,1
902,48,115962.0,10521.7,769,18592.0,24,14.38,0.09073403356271882,0.16032838343595315,0,0,0,0,0,0,0,0,0,0,0
902,48,115962.0,10521.7,769,5445.0,12,11.54,0.09073403356271882,0.04695503699487763,0,0,0,0,0,0,0,0,1,1,0
903,56,63033.0,40698.95,748,29015.0,36,15.26,0.645676867672489,0.4603144384687386,0,1,0,0,0,0,0,1,0,0,0
904,42,89971.0,22935.0,523,20046.0,36,5.65,0.254915472763446,0.22280512609618655,0,1,0,0,0,1,0,0,0,0,0
904,42,89971.0,22935.0,523,12916.0,24,7.03,0.254915472763446,0.14355736848540085,0,1,0,0,0,1,0,0,1,0,1
906,43,139434.0,13750.43,790,10365.0,12,11.18,0.09861604773584635,0.07433624510521107,0,0,1,1,0,0,0,0,0,0,1
906,43,139434.0,13750.43,790,29272.0,36,5.4,0.09861604773584635,0.2099344492734914,0,0,1,1,0,0,0,0,1,1,0
907,39,105158.0,63734.91,720,13855.0,36,16.49,0.6060871260389129,0.13175412236824588,0,1,0,0,0,0,1,0,1,0,1
908,62,149790.0,93530.59,637,13890.0,12,5.82,0.6244114426864277,0.09272982175045064,0,0,0,0,0,0,1,0,1,0,1
908,62,149790.0,93530.59,637,24388.0,24,7.45,0.6244114426864277,0.16281460711662996,0,0,0,0,0,0,1,0,0,0,1
909,48,102677.0,15649.1,840,21639.0,12,13.76,0.15241095863728002,0.210748268843071,0,1,0,0,0,0,1,0,0,1,0
909,48,102677.0,15649.1,840,12786.0,12,9.59,0.15241095863728002,0.12452642753489097,0,1,0,0,0,0,1,0,0,0,1
909,48,102677.0,15649.1,840,26433.0,24,9.65,0.15241095863728002,0.257438374709039,0,1,0,0,0,0,1,0,0,1,0
910,51,79708.0,29687.34,726,19439.0,24,9.71,0.37245119686857026,0.2438776534350379,0,0,0,0,0,0,0,0,1,0,1
910,51,79708.0,29687.34,726,28334.0,36,6.85,0.37245119686857026,0.35547247453204195,0,0,0,0,0,0,0,0,0,0,1
912,45,26329.0,3359.8,727,23417.0,12,12.69,0.12760834061301227,0.889399521440237,0,0,1,1,0,0,0,0,1,1,0
913,57,22837.0,12892.42,783,9446.0,24,16.73,0.5645408766475456,0.4136270088015063,0,1,0,1,0,0,0,1,0,1,0
913,57,22837.0,12892.42,783,8209.0,12,7.47,0.5645408766475456,0.35946052458729255,0,1,0,1,0,0,0,0,1,0,1
915,50,37324.0,11817.95,565,14356.0,36,14.84,0.31663138999035473,0.3846318722537777,0,0,1,0,0,0,0,1,0,1,0
915,50,37324.0,11817.95,565,2363.0,12,7.33,0.31663138999035473,0.06331047047476154,0,0,1,0,0,0,0,1,0,0,1
915,50,37324.0,11817.95,565,13787.0,36,13.89,0.31663138999035473,0.36938698960454397,0,0,1,0,0,0,0,0,1,0,0
916,46,132783.0,50920.05,530,27173.0,24,17.11,0.38348320191590796,0.20464216051753614,0,0,0,0,0,0,1,0,0,1,0
916,46,132783.0,50920.05,530,8908.0,36,6.09,0.38348320191590796,0.0670869011846396,0,0,0,0,0,0,1,0,1,0,0
917,34,92698.0,63983.75,802,3658.0,12,15.66,0.6902387322272325,0.03946147705452113,0,1,0,0,0,0,0,1,0,0,1
918,27,114719.0,21013.84,767,12246.0,12,13.02,0.1831766315954637,0.10674779243194239,0,1,0,0,0,1,0,0,1,0,1
919,58,40364.0,19185.98,648,13495.0,12,15.25,0.47532405113467446,0.3343325735804182,0,1,0,0,0,0,1,0,1,0,0
920,55,117784.0,10968.91,716,24187.0,12,13.18,0.09312733478231339,0.20535047205053317,0,0,0,0,0,0,0,0,0,1,0
920,55,117784.0,10968.91,716,6204.0,24,12.66,0.09312733478231339,0.05267268899001562,0,0,0,0,0,0,0,0,0,0,1
921,26,117725.0,22532.05,571,10162.0,36,16.02,0.1913956253981737,0.08631981312380547,0,1,0,0,0,1,0,0,0,0,1
921,26,117725.0,22532.05,571,7855.0,36,8.11,0.1913956253981737,0.06672329581652156,0,1,0,0,0,1,0,0,1,0,1
922,38,45559.0,5818.1,725,15173.0,24,13.59,0.1277047345200729,0.3330406725345157,0,0,0,1,0,0,0,0,0,0,1
922,38,45559.0,5818.1,725,22520.0,24,8.68,0.1277047345200729,0.4943040892030115,0,0,0,1,0,0,0,0,0,0,0
924,36,100579.0,26368.61,781,9150.0,36,17.97,0.2621681464321578,0.09097326479682638,0,0,1,1,0,0,0,1,0,1,0
924,36,100579.0,26368.61,781,14420.0,12,11.47,0.2621681464321578,0.1433698883464739,0,0,1,1,0,0,0,0,1,0,1
924,36,100579.0,26368.61,781,19516.0,24,17.68,0.2621681464321578,0.1940365284999851,0,0,1,1,0,0,0,1,0,0,1
925,42,33045.0,5351.8,768,8310.0,36,16.7,0.16195490997125134,0.2514752610077168,0,0,0,0,0,0,0,0,0,0,0
926,49,42283.0,8713.88,706,16603.0,24,10.31,0.20608471489724,0.39266371827921387,1,1,0,0,0,0,1,0,0,1,0
926,49,42283.0,8713.88,706,25610.0,12,14.1,0.20608471489724,0.6056807700494289,0,1,0,0,0,0,1,0,0,1,0
927,28,23777.0,2756.43,583,17181.0,36,8.55,0.11592841821928754,0.7225890566513858,0,0,1,0,0,1,0,0,0,0,1
928,55,86799.0,23477.11,600,15747.0,36,5.54,0.2704767336029217,0.1814191407735112,0,1,0,0,0,0,0,0,1,1,0
928,55,86799.0,23477.11,600,28561.0,12,6.99,0.2704767336029217,0.3290475696724617,0,1,0,0,0,0,0,1,0,1,0
928,55,86799.0,23477.11,600,23558.0,36,12.11,0.2704767336029217,0.2714086567817602,0,1,0,0,0,0,0,0,0,0,0
929,38,120387.0,37348.86,797,11014.0,24,10.62,0.3102399760771512,0.09148828361866314,0,1,0,1,0,0,0,1,0,1,0
931,24,135389.0,25957.5,586,12373.0,24,5.77,0.19172532480482166,0.09138851753096633,0,0,0,0,0,1,0,0,0,1,0
931,24,135389.0,25957.5,586,26232.0,36,7.13,0.19172532480482166,0.19375281595993765,0,0,0,0,0,1,0,0,1,1,0
933,42,128936.0,66259.24,668,15852.0,12,12.37,0.513892473785444,0.12294471675870199,0,0,1,0,0,0,0,1,0,0,0
933,42,128936.0,66259.24,668,25032.0,24,5.24,0.513892473785444,0.19414283055159148,0,0,1,0,0,0,0,1,0,0,0
933,42,128936.0,66259.24,668,16502.0,36,9.97,0.513892473785444,0.1279859775392443,0,0,1,0,0,0,0,0,1,0,1
935,39,93934.0,12739.05,683,28447.0,24,12.33,0.1356170289777929,0.30284029211999913,0,0,1,1,0,0,0,1,0,0,0
935,39,93934.0,12739.05,683,23429.0,12,11.23,0.1356170289777929,0.24941980539527753,0,0,1,1,0,0,0,1,0,0,0
935,39,93934.0,12739.05,683,13706.0,24,5.21,0.1356170289777929,0.1459109587582771,0,0,1,1,0,0,0,0,0,0,0
936,51,110856.0,74708.37,634,4862.0,12,11.87,0.6739226564191383,0.043858699574222414,1,1,0,0,1,0,0,0,0,1,0
937,27,57706.0,16554.84,830,25013.0,12,16.07,0.2868824732263543,0.43345579315842375,0,0,0,0,0,0,0,1,0,1,0
938,39,92834.0,60359.04,732,9692.0,12,13.51,0.6501824762479265,0.10440140465777624,0,0,1,0,0,0,0,0,0,1,0
938,39,92834.0,60359.04,732,13075.0,36,11.37,0.6501824762479265,0.14084279466574745,0,0,1,0,0,0,0,0,0,0,1
939,54,94599.0,4748.57,539,17702.0,24,7.39,0.0501968308333069,0.1871267138130424,0,0,1,0,0,0,1,0,0,0,1
939,54,94599.0,4748.57,539,27301.0,36,15.64,0.0501968308333069,0.2885971310478969,1,0,1,0,0,0,1,0,1,0,1
940,23,53864.0,24585.55,634,7902.0,24,10.71,0.45643750928263777,0.1467028070696569,0,0,0,0,0,0,1,0,1,1,0
941,43,142396.0,17754.49,830,21328.0,24,9.88,0.12468390966038373,0.14977948818787046,1,0,0,0,0,0,0,0,0,1,0
941,43,142396.0,17754.49,830,10755.0,12,6.98,0.12468390966038373,0.07552880698896036,0,0,0,0,0,0,0,0,1,1,0
942,36,143921.0,57775.65,781,7133.0,36,6.93,0.4014400261254438,0.04956191243807367,0,0,1,0,1,0,0,0,0,0,0
943,46,20762.0,1788.8,541,8757.0,36,6.46,0.0861574029476929,0.4217801753202967,0,0,1,0,0,0,1,0,1,1,0
944,53,112782.0,10739.39,831,4802.0,12,11.38,0.09522255324431203,0.04257771630224681,0,1,0,1,0,0,0,1,0,0,0
944,53,112782.0,10739.39,831,12862.0,36,15.47,0.09522255324431203,0.11404302104945825,0,1,0,1,0,0,0,0,1,0,0
944,53,112782.0,10739.39,831,24922.0,12,6.52,0.09522255324431203,0.22097497827667537,0,1,0,1,0,0,0,0,0,1,0
946,50,86959.0,53345.3,805,18732.0,36,17.47,0.6134534665762026,0.21541186076196828,0,1,0,1,0,0,0,0,1,0,1
946,50,86959.0,53345.3,805,26228.0,24,7.25,0.6134534665762026,0.3016134040179855,0,1,0,1,0,0,0,0,1,0,0
947,59,127466.0,83981.44,789,3930.0,36,16.3,0.6588536550923384,0.030831751212087928,0,0,0,1,0,0,0,1,0,1,0
947,59,127466.0,83981.44,789,29339.0,24,14.14,0.6588536550923384,0.23017118290367627,0,0,0,1,0,0,0,1,0,0,1
947,59,127466.0,83981.44,789,14231.0,24,17.07,0.6588536550923384,0.11164545839674894,0,0,0,1,0,0,0,1,0,1,0
948,25,90567.0,21860.06,656,24361.0,36,8.22,0.24136893128843842,0.26898318372033964,0,0,1,0,1,0,0,1,0,0,1
948,25,90567.0,21860.06,656,26601.0,24,9.68,0.24136893128843842,0.2937162542647984,0,0,1,0,1,0,0,0,0,0,1
948,25,90567.0,21860.06,656,22358.0,12,15.03,0.24136893128843842,0.24686696037187938,0,0,1,0,1,0,0,1,0,0,0
950,32,62484.0,5355.64,558,5543.0,12,13.76,0.08571218231867359,0.08871070994174508,0,1,0,0,0,0,1,0,0,0,0
951,31,30567.0,8486.41,767,20315.0,24,5.16,0.27763306834167567,0.6646056204403442,0,0,1,0,0,0,0,0,0,0,0
952,27,47529.0,26145.67,706,9671.0,24,17.74,0.5500993077910328,0.2034757726861495,0,1,0,0,0,0,1,1,0,1,0
953,31,149010.0,92119.44,738,11253.0,36,16.46,0.6182097845782163,0.07551842158244414,0,0,0,0,1,0,0,0,0,0,1
953,31,149010.0,92119.44,738,12219.0,12,6.3,0.6182097845782163,0.08200120797261928,1,0,0,0,1,0,0,1,0,0,0
953,31,149010.0,92119.44,738,25640.0,24,7.93,0.6182097845782163,0.1720689886584793,1,0,0,0,1,0,0,0,1,0,1
954,45,138096.0,87538.92,751,22802.0,12,11.8,0.6338990267639902,0.16511702004402734,0,0,0,0,1,0,0,0,0,0,1
954,45,138096.0,87538.92,751,25276.0,12,12.26,0.6338990267639902,0.18303209361603523,0,0,0,0,1,0,0,1,0,0,0
954,45,138096.0,87538.92,751,2782.0,36,7.9,0.6338990267639902,0.020145406094311202,0,0,0,0,1,0,0,0,1,0,0
955,63,24785.0,1081.8,815,27838.0,12,17.08,0.04364736735928989,1.1231793423441598,1,0,0,0,0,0,1,0,0,1,0
955,63,24785.0,1081.8,815,11016.0,24,6.0,0.04364736735928989,0.4444623764373613,0,0,0,0,0,0,1,0,1,0,1
956,48,54090.0,28471.59,812,29558.0,24,10.58,0.5263743760399334,0.5464596043630986,0,0,1,0,0,0,1,1,0,1,0
957,22,21988.0,1842.4,616,14359.0,36,13.6,0.0837911588138985,0.6530380207385846,0,1,0,0,0,0,0,1,0,0,0
958,65,57074.0,17069.66,731,8865.0,36,7.79,0.2990794407260749,0.15532466622279847,0,1,0,0,0,0,1,0,1,1,0
959,23,52770.0,31235.18,767,6673.0,24,8.35,0.5919116922493841,0.12645442486261133,0,1,0,1,0,0,0,1,0,1,0
959,23,52770.0,31235.18,767,27923.0,36,12.57,0.5919116922493841,0.5291453477354557,0,1,0,1,0,0,0,0,0,0,1
960,52,89628.0,46656.06,554,4635.0,24,12.72,0.5205522827687776,0.051713750167358415,0,0,0,0,0,1,0,0,1,0,1
961,56,74765.0,14090.95,581,15728.0,12,16.3,0.18846987226643483,0.21036581288035847,0,0,1,0,1,0,0,1,0,0,0
961,56,74765.0,14090.95,581,11593.0,24,17.77,0.18846987226643483,0.15505918544773625,0,0,1,0,1,0,0,0,0,0,0
961,56,74765.0,14090.95,581,5055.0,12,5.1,0.18846987226643483,0.06761185046478968,0,0,1,0,1,0,0,1,0,1,0
963,29,111569.0,25087.19,784,3763.0,36,11.36,0.22485806989396695,0.03372800688363255,0,0,0,0,0,0,1,0,1,0,1
963,29,111569.0,25087.19,784,6428.0,12,10.27,0.22485806989396695,0.05761457035556472,0,0,0,0,0,0,1,0,0,0,0
963,29,111569.0,25087.19,784,28277.0,24,9.47,0.22485806989396695,0.25344853857254257,0,0,0,0,0,0,1,0,1,0,0
964,28,61921.0,29872.88,717,2783.0,12,7.01,0.48243536118602737,0.04494436459359506,0,0,1,0,1,0,0,0,1,0,0
965,42,73641.0,39448.6,831,22791.0,36,12.93,0.5356879998913648,0.30948792113089174,0,1,0,0,0,0,0,1,0,0,0
965,42,73641.0,39448.6,831,20385.0,36,14.59,0.5356879998913648,0.27681590418381063,1,1,0,0,0,0,0,1,0,1,0
966,36,21664.0,2060.69,575,5836.0,12,12.39,0.09512047636632201,0.26938700147710487,0,1,0,0,0,1,0,0,0,0,0
967,37,59201.0,22157.12,700,17484.0,36,16.12,0.3742693535582169,0.2953328491072786,0,0,1,0,1,0,0,1,0,1,0
967,37,59201.0,22157.12,700,12960.0,24,13.9,0.3742693535582169,0.21891522102667185,0,0,1,0,1,0,0,0,0,1,0
968,52,109618.0,13245.76,609,20804.0,36,6.68,0.12083562918498787,0.18978634895728805,0,0,0,1,0,0,0,0,0,0,1
968,52,109618.0,13245.76,609,28493.0,24,13.17,0.12083562918498787,0.25992993851374774,0,0,0,1,0,0,0,0,1,1,0
968,52,109618.0,13245.76,609,4472.0,36,15.31,0.12083562918498787,0.04079621959897097,0,0,0,1,0,0,0,1,0,0,0
969,32,139909.0,86669.14,648,26306.0,24,7.75,0.6194679398752045,0.1880222144393856,0,0,0,0,0,0,0,1,0,0,1
970,44,131953.0,42924.5,742,28569.0,12,8.18,0.32530143308602305,0.2165089084749873,0,0,1,1,0,0,0,0,1,0,0
970,44,131953.0,42924.5,742,29057.0,12,13.72,0.32530143308602305,0.22020719498609354,0,0,1,1,0,0,0,1,0,0,0
971,57,110567.0,11027.12,790,11789.0,12,10.19,0.09973246990512541,0.10662313348467445,0,0,1,0,1,0,0,0,1,0,1
971,57,110567.0,11027.12,790,5421.0,24,6.85,0.09973246990512541,0.049029095480568344,0,0,1,0,1,0,0,0,0,0,0
971,57,110567.0,11027.12,790,9990.0,24,14.11,0.09973246990512541,0.09035245597691897,0,0,1,0,1,0,0,0,0,0,0
972,62,27892.0,5901.78,750,29427.0,24,5.11,0.21159400544959128,1.055033701419762,0,1,0,0,0,0,1,0,0,0,1
972,62,27892.0,5901.78,750,22747.0,24,14.81,0.21159400544959128,0.8155385056647068,1,1,0,0,0,0,1,0,1,0,0
973,48,88396.0,14439.15,644,19365.0,12,7.82,0.16334619213539073,0.21907099868772342,1,1,0,0,0,0,0,1,0,1,0
973,48,88396.0,14439.15,644,7015.0,36,9.17,0.16334619213539073,0.07935879451558894,0,1,0,0,0,0,0,0,1,0,1
973,48,88396.0,14439.15,644,11240.0,12,8.45,0.16334619213539073,0.12715507489026653,0,1,0,0,0,0,0,0,1,1,0
974,33,76641.0,34160.84,768,6068.0,36,5.21,0.4457253950235513,0.07917433227645777,0,1,0,0,0,0,1,0,0,1,0
974,33,76641.0,34160.84,768,26657.0,36,9.4,0.4457253950235513,0.3478164428961,0,1,0,0,0,0,1,0,0,0,0
974,33,76641.0,34160.84,768,8691.0,36,11.0,0.4457253950235513,0.11339883352252711,0,1,0,0,0,0,1,0,1,0,1
975,24,107038.0,1369.88,846,3563.0,24,9.88,0.012798071712849643,0.03328724378258189,0,0,1,0,0,1,0,0,0,0,1
975,24,107038.0,1369.88,846,8876.0,36,11.45,0.012798071712849643,0.08292382144658907,0,0,1,0,0,1,0,0,1,0,1
975,24,107038.0,1369.88,846,2009.0,24,9.16,0.012798071712849643,0.01876903529587623,0,0,1,0,0,1,0,0,1,0,0
976,36,76708.0,13725.86,831,10829.0,12,11.94,0.1789364864160192,0.14117171611826668,0,0,1,0,0,0,0,0,1,1,0
977,33,70089.0,22934.22,672,2324.0,24,5.48,0.3272156829174336,0.03315784217209548,0,0,1,1,0,0,0,1,0,1,0
977,33,70089.0,22934.22,672,3234.0,24,5.94,0.3272156829174336,0.046141334588879854,0,0,1,1,0,0,0,0,0,0,1
977,33,70089.0,22934.22,672,15021.0,12,9.87,0.3272156829174336,0.21431323032144844,0,0,1,1,0,0,0,0,1,1,0
978,27,149367.0,36409.41,660,29143.0,24,17.12,0.2437580590090181,0.195110030997476,1,0,0,0,1,0,0,1,0,0,1
978,27,149367.0,36409.41,660,10004.0,36,9.95,0.2437580590090181,0.06697597193489861,0,0,0,0,1,0,0,1,0,1,0
978,27,149367.0,36409.41,660,13177.0,12,6.94,0.2437580590090181,0.08821895063836055,0,0,0,0,1,0,0,1,0,0,1
979,51,51326.0,20922.11,713,3382.0,12,12.82,0.4076318045435062,0.06589253010170285,1,0,1,0,0,0,0,0,1,0,1
980,43,63797.0,33938.07,778,12302.0,24,8.03,0.5319696850949104,0.19283038387384988,0,0,1,1,0,0,0,0,1,0,1
980,43,63797.0,33938.07,778,16240.0,36,9.48,0.5319696850949104,0.25455742433029765,0,0,1,1,0,0,0,1,0,0,1
980,43,63797.0,33938.07,778,12363.0,36,14.47,0.5319696850949104,0.19378654168691317,0,0,1,1,0,0,0,0,0,1,0
981,54,120786.0,15201.6,779,14364.0,12,15.75,0.125855645521832,0.11892106701107744,0,0,0,0,0,0,0,0,0,1,0
982,49,72405.0,5805.87,832,7015.0,24,10.35,0.08018603687590636,0.09688557420067676,0,0,1,0,0,1,0,0,0,0,0
982,49,72405.0,5805.87,832,19975.0,24,13.45,0.08018603687590636,0.2758787376562392,1,0,1,0,0,1,0,0,1,1,0
982,49,72405.0,5805.87,832,16000.0,24,7.19,0.08018603687590636,0.22097921414266972,0,0,1,0,0,1,0,0,1,0,0
983,40,38464.0,1277.11,709,15204.0,24,7.82,0.0332027350249584,0.39527870216306155,0,0,1,0,1,0,0,0,1,0,1
984,32,99444.0,53172.7,691,25469.0,12,7.57,0.5346999316198061,0.2561139938055589,0,1,0,0,0,0,0,0,1,1,0
984,32,99444.0,53172.7,691,15388.0,36,13.59,0.5346999316198061,0.15474035638148104,1,1,0,0,0,0,0,0,0,0,1
984,32,99444.0,53172.7,691,3572.0,36,6.74,0.5346999316198061,0.03591971360765858,0,1,0,0,0,0,0,0,1,1,0
985,40,82310.0,26704.27,810,13253.0,24,8.26,0.3244353055521808,0.1610132426193658,0,1,0,0,1,0,0,0,1,0,0
985,40,82310.0,26704.27,810,6886.0,36,17.26,0.3244353055521808,0.0836593366541125,0,1,0,0,1,0,0,1,0,0,1
986,47,104300.0,11020.39,747,3886.0,24,8.66,0.10566049856184084,0.03725790987535954,0,0,1,0,0,1,0,1,0,0,0
987,46,50925.0,29435.64,822,6396.0,12,16.32,0.578019440353461,0.12559646539027983,0,0,0,0,0,0,0,1,0,1,0
987,46,50925.0,29435.64,822,25358.0,24,12.43,0.578019440353461,0.4979479626902307,0,0,0,0,0,0,0,0,0,0,1
988,51,38291.0,17647.52,842,27754.0,36,11.35,0.46087905774202814,0.724817842312815,0,0,0,0,0,0,0,1,0,0,0
988,51,38291.0,17647.52,842,3699.0,24,7.96,0.46087905774202814,0.09660233475229166,0,0,0,0,0,0,0,0,1,1,0
990,43,85248.0,48516.67,689,14693.0,24,13.23,0.5691238504129129,0.1723559496996997,0,0,1,0,0,0,0,0,1,1,0
990,43,85248.0,48516.67,689,21251.0,12,15.2,0.5691238504129129,0.2492844406906907,0,0,1,0,0,0,0,1,0,1,0
990,43,85248.0,48516.67,689,13909.0,36,11.9,0.5691238504129129,0.163159253003003,0,0,1,0,0,0,0,0,1,0,1
991,31,115619.0,62468.81,597,13424.0,12,14.93,0.5402988263174737,0.11610548439270361,0,1,0,0,0,0,0,1,0,1,0
992,49,106199.0,22959.84,653,12887.0,36,17.91,0.21619638603000027,0.12134765864085349,0,0,0,1,0,0,0,0,1,1,0
992,49,106199.0,22959.84,653,20933.0,24,11.85,0.21619638603000027,0.19711108390851137,0,0,0,1,0,0,0,1,0,0,1
993,51,149518.0,42799.89,583,23434.0,36,14.35,0.28625242445725596,0.15673029334260757,1,1,0,0,0,0,1,0,0,0,0
993,51,149518.0,42799.89,583,6522.0,12,16.49,0.28625242445725596,0.04362016613384342,0,1,0,0,0,0,1,0,1,1,0
994,23,62338.0,29457.01,646,20192.0,12,9.82,0.4725369758413808,0.32391157881228144,0,0,0,1,0,0,0,0,1,1,0
994,23,62338.0,29457.01,646,16379.0,12,9.8,0.4725369758413808,0.26274503513105973,0,0,0,1,0,0,0,0,0,1,0
994,23,62338.0,29457.01,646,3093.0,36,16.81,0.4725369758413808,0.04961660624338285,0,0,0,1,0,0,0,1,0,0,1
995,37,24614.0,13937.04,822,3236.0,24,16.52,0.566224100105631,0.13146989518160396,0,1,0,0,0,0,1,0,0,0,0
998,49,37571.0,14082.29,746,28442.0,12,15.86,0.3748180777727503,0.7570200420537117,0,0,0,1,0,0,0,0,1,1,0
998,49,37571.0,14082.29,746,19761.0,36,8.99,0.3748180777727503,0.5259641744962871,0,0,0,1,0,0,0,0,1,1,0
998,49,37571.0,14082.29,746,28243.0,12,13.02,0.3748180777727503,0.7517234036890155,0,0,0,1,0,0,0,1,0,0,0
1000,38,38298.0,15526.08,720,26815.0,36,14.74,0.40540184866050444,0.7001671105540759,0,0,0,0,1,0,0,1,0,0,0
1000,38,38298.0,15526.08,720,5873.0,12,10.76,0.40540184866050444,0.15335004438874092,0,0,0,0,1,0,0,0,0,0,1
